group,label,file_name,file_path,SOC_low,SOC_high,SOC_window,Part,keep_reason,SOH,SOH_percent,Qn_Ah,Q_Ah
20Ah LFP,20 Ah,LFP_C_20_B_100_SOC_5-70_Part_1-1_ID_BEGT214HK65000292.xlsx,E:\Datasets\PulseBat\PulseBat-all-raw\ProcessingData All\step_1_extract workstep sheet\20Ah LFP\LFP_C_20_B_100_SOC_5-70_Part_1-1_ID_BEGT214HK65000292.xlsx,5,70,5-70,1-1,keep_SOC_5-70_Part_1-1,0.79658,79.658,20,15.9316
20Ah LFP,20 Ah,LFP_C_20_B_101_SOC_5-60_Part_1-1_ID_BEGT216HK70000405.xlsx,E:\Datasets\PulseBat\PulseBat-all-raw\ProcessingData All\step_1_extract workstep sheet\20Ah LFP\LFP_C_20_B_101_SOC_5-60_Part_1-1_ID_BEGT216HK70000405.xlsx,5,60,5-60,1-1,keep_SOC_5-60_Part_1-1,0.6932750000000001,69.32750000000001,20,13.8655
20Ah LFP,20 Ah,LFP_C_20_B_102_SOC_5-70_Part_1-1_ID_BEGQ012CQ01000803.xlsx,E:\Datasets\PulseBat\PulseBat-all-raw\ProcessingData All\step_1_extract workstep sheet\20Ah LFP\LFP_C_20_B_102_SOC_5-70_Part_1-1_ID_BEGQ012CQ01000803.xlsx,5,70,5-70,1-1,keep_SOC_5-70_Part_1-1,0.775915,77.5915,20,15.5183
20Ah LFP,20 Ah,LFP_C_20_B_10_SOC_5-65_Part_1-1_ID_BEGT216HK70000403.xlsx,E:\Datasets\PulseBat\PulseBat-all-raw\ProcessingData All\step_1_extract workstep sheet\20Ah LFP\LFP_C_20_B_10_SOC_5-65_Part_1-1_ID_BEGT216HK70000403.xlsx,5,65,5-65,1-1,keep_SOC_5-65_Part_1-1,0.7477199999999999,74.77199999999999,20,14.9544
20Ah LFP,20 Ah,LFP_C_20_B_11_SOC_5-65_Part_1-1_ID_BEGT213HKSU400596.xlsx,E:\Datasets\PulseBat\PulseBat-all-raw\ProcessingData All\step_1_extract workstep sheet\20Ah LFP\LFP_C_20_B_11_SOC_5-65_Part_1-1_ID_BEGT213HKSU400596.xlsx,5,65,5-65,1-1,keep_SOC_5-65_Part_1-1,0.76036,76.036,20,15.2072
20Ah LFP,20 Ah,LFP_C_20_B_12_SOC_5-75_Part_1-1_ID_BEGT201HKBJ200135.xlsx,E:\Datasets\PulseBat\PulseBat-all-raw\ProcessingData All\step_1_extract workstep sheet\20Ah LFP\LFP_C_20_B_12_SOC_5-75_Part_1-1_ID_BEGT201HKBJ200135.xlsx,5,75,5-75,1-1,keep_SOC_5-75_Part_1-1,0.82061,82.06099999999999,20,16.4122
20Ah LFP,20 Ah,LFP_C_20_B_13_SOC_5-65_Part_1-1_ID_BEGT202CQ01000768.xlsx,E:\Datasets\PulseBat\PulseBat-all-raw\ProcessingData All\step_1_extract workstep sheet\20Ah LFP\LFP_C_20_B_13_SOC_5-65_Part_1-1_ID_BEGT202CQ01000768.xlsx,5,65,5-65,1-1,keep_SOC_5-65_Part_1-1,0.71258,71.258,20,14.2516
20Ah LFP,20 Ah,LFP_C_20_B_14_SOC_5-60_Part_1-1_ID_BEGT214HK65000449.xlsx,E:\Datasets\PulseBat\PulseBat-all-raw\ProcessingData All\step_1_extract workstep sheet\20Ah LFP\LFP_C_20_B_14_SOC_5-60_Part_1-1_ID_BEGT214HK65000449.xlsx,5,60,5-60,1-1,keep_SOC_5-60_Part_1-1,0.705805,70.5805,20,14.1161
20Ah LFP,20 Ah,LFP_C_20_B_15_SOC_5-65_Part_1-1_ID_BEGT202CQ01000403.xlsx,E:\Datasets\PulseBat\PulseBat-all-raw\ProcessingData All\step_1_extract workstep sheet\20Ah LFP\LFP_C_20_B_15_SOC_5-65_Part_1-1_ID_BEGT202CQ01000403.xlsx,5,65,5-65,1-1,keep_SOC_5-65_Part_1-1,0.709525,70.9525,20,14.1905
20Ah LFP,20 Ah,LFP_C_20_B_16_SOC_5-70_Part_1-1_ID_BEGQ012CQ01001357.xlsx,E:\Datasets\PulseBat\PulseBat-all-raw\ProcessingData All\step_1_extract workstep sheet\20Ah LFP\LFP_C_20_B_16_SOC_5-70_Part_1-1_ID_BEGQ012CQ01001357.xlsx,5,70,5-70,1-1,keep_SOC_5-70_Part_1-1,0.8015800000000001,80.158,20,16.0316
20Ah LFP,20 Ah,LFP_C_20_B_17_SOC_5-70_Part_1-1_ID_BEGT213HKSU200394.xlsx,E:\Datasets\PulseBat\PulseBat-all-raw\ProcessingData All\step_1_extract workstep sheet\20Ah LFP\LFP_C_20_B_17_SOC_5-70_Part_1-1_ID_BEGT213HKSU200394.xlsx,5,70,5-70,1-1,keep_SOC_5-70_Part_1-1,0.78525,78.525,20,15.705
20Ah LFP,20 Ah,LFP_C_20_B_18_SOC_5-70_Part_1-1_ID_BEGT204HKBK100535.xlsx,E:\Datasets\PulseBat\PulseBat-all-raw\ProcessingData All\step_1_extract workstep sheet\20Ah LFP\LFP_C_20_B_18_SOC_5-70_Part_1-1_ID_BEGT204HKBK100535.xlsx,5,70,5-70,1-1,keep_SOC_5-70_Part_1-1,0.794105,79.4105,20,15.8821
20Ah LFP,20 Ah,LFP_C_20_B_19_SOC_5-65_Part_1-1_ID_BEGQ011CQ03000590.xlsx,E:\Datasets\PulseBat\PulseBat-all-raw\ProcessingData All\step_1_extract workstep sheet\20Ah LFP\LFP_C_20_B_19_SOC_5-65_Part_1-1_ID_BEGQ011CQ03000590.xlsx,5,65,5-65,1-1,keep_SOC_5-65_Part_1-1,0.7120949999999999,71.20949999999999,20,14.2419
20Ah LFP,20 Ah,LFP_C_20_B_1_SOC_5-65_Part_1-1_ID_BEGT202CQ01000792.xlsx,E:\Datasets\PulseBat\PulseBat-all-raw\ProcessingData All\step_1_extract workstep sheet\20Ah LFP\LFP_C_20_B_1_SOC_5-65_Part_1-1_ID_BEGT202CQ01000792.xlsx,5,65,5-65,1-1,keep_SOC_5-65_Part_1-1,0.7234700000000001,72.34700000000001,20,14.4694
20Ah LFP,20 Ah,LFP_C_20_B_20_SOC_5-70_Part_1-1_ID_BEGT215HKBW200509.xlsx,E:\Datasets\PulseBat\PulseBat-all-raw\ProcessingData All\step_1_extract workstep sheet\20Ah LFP\LFP_C_20_B_20_SOC_5-70_Part_1-1_ID_BEGT215HKBW200509.xlsx,5,70,5-70,1-1,keep_SOC_5-70_Part_1-1,0.781655,78.1655,20,15.6331
20Ah LFP,20 Ah,LFP_C_20_B_21_SOC_5-70_Part_1-1_ID_BEGT215HKBW200382.xlsx,E:\Datasets\PulseBat\PulseBat-all-raw\ProcessingData All\step_1_extract workstep sheet\20Ah LFP\LFP_C_20_B_21_SOC_5-70_Part_1-1_ID_BEGT215HKBW200382.xlsx,5,70,5-70,1-1,keep_SOC_5-70_Part_1-1,0.7688550000000001,76.88550000000001,20,15.3771
20Ah LFP,20 Ah,LFP_C_20_B_22_SOC_5-65_Part_1-1_ID_BEGQ011CQ03000302.xlsx,E:\Datasets\PulseBat\PulseBat-all-raw\ProcessingData All\step_1_extract workstep sheet\20Ah LFP\LFP_C_20_B_22_SOC_5-65_Part_1-1_ID_BEGQ011CQ03000302.xlsx,5,65,5-65,1-1,keep_SOC_5-65_Part_1-1,0.703345,70.3345,20,14.0669
20Ah LFP,20 Ah,LFP_C_20_B_23_SOC_5-65_Part_1-1_ID_BEGT215HKBV200288.xlsx,E:\Datasets\PulseBat\PulseBat-all-raw\ProcessingData All\step_1_extract workstep sheet\20Ah LFP\LFP_C_20_B_23_SOC_5-65_Part_1-1_ID_BEGT215HKBV200288.xlsx,5,65,5-65,1-1,keep_SOC_5-65_Part_1-1,0.72951,72.951,20,14.5902
20Ah LFP,20 Ah,LFP_C_20_B_24_SOC_5-65_Part_1-1_ID_BEGT216HK70000286.xlsx,E:\Datasets\PulseBat\PulseBat-all-raw\ProcessingData All\step_1_extract workstep sheet\20Ah LFP\LFP_C_20_B_24_SOC_5-65_Part_1-1_ID_BEGT216HK70000286.xlsx,5,65,5-65,1-1,keep_SOC_5-65_Part_1-1,0.73899,73.899,20,14.7798
20Ah LFP,20 Ah,LFP_C_20_B_25_SOC_5-65_Part_1-1_ID_BEGQ011CQ03000807.xlsx,E:\Datasets\PulseBat\PulseBat-all-raw\ProcessingData All\step_1_extract workstep sheet\20Ah LFP\LFP_C_20_B_25_SOC_5-65_Part_1-1_ID_BEGQ011CQ03000807.xlsx,5,65,5-65,1-1,keep_SOC_5-65_Part_1-1,0.755425,75.5425,20,15.1085
20Ah LFP,20 Ah,LFP_C_20_B_26_SOC_5-65_Part_1-1_ID_BEGT216HK70000190.xlsx,E:\Datasets\PulseBat\PulseBat-all-raw\ProcessingData All\step_1_extract workstep sheet\20Ah LFP\LFP_C_20_B_26_SOC_5-65_Part_1-1_ID_BEGT216HK70000190.xlsx,5,65,5-65,1-1,keep_SOC_5-65_Part_1-1,0.7179249999999999,71.79249999999999,20,14.3585
20Ah LFP,20 Ah,LFP_C_20_B_27_SOC_5-65_Part_1-1_ID_BEGT216HK70000100.xlsx,E:\Datasets\PulseBat\PulseBat-all-raw\ProcessingData All\step_1_extract workstep sheet\20Ah LFP\LFP_C_20_B_27_SOC_5-65_Part_1-1_ID_BEGT216HK70000100.xlsx,5,65,5-65,1-1,keep_SOC_5-65_Part_1-1,0.7325999999999999,73.25999999999999,20,14.652
20Ah LFP,20 Ah,LFP_C_20_B_28_SOC_5-70_Part_1-1_ID_BEGT214HK65000281.xlsx,E:\Datasets\PulseBat\PulseBat-all-raw\ProcessingData All\step_1_extract workstep sheet\20Ah LFP\LFP_C_20_B_28_SOC_5-70_Part_1-1_ID_BEGT214HK65000281.xlsx,5,70,5-70,1-1,keep_SOC_5-70_Part_1-1,0.7954100000000001,79.54100000000001,20,15.9082
20Ah LFP,20 Ah,LFP_C_20_B_29_SOC_5-70_Part_1-1_ID_BEGT213HKSU200250.xlsx,E:\Datasets\PulseBat\PulseBat-all-raw\ProcessingData All\step_1_extract workstep sheet\20Ah LFP\LFP_C_20_B_29_SOC_5-70_Part_1-1_ID_BEGT213HKSU200250.xlsx,5,70,5-70,1-1,keep_SOC_5-70_Part_1-1,0.796725,79.6725,20,15.9345
20Ah LFP,20 Ah,LFP_C_20_B_2_SOC_5-70_Part_1-1_ID_BEGT213HKSU400531.xlsx,E:\Datasets\PulseBat\PulseBat-all-raw\ProcessingData All\step_1_extract workstep sheet\20Ah LFP\LFP_C_20_B_2_SOC_5-70_Part_1-1_ID_BEGT213HKSU400531.xlsx,5,70,5-70,1-1,keep_SOC_5-70_Part_1-1,0.783055,78.3055,20,15.6611
20Ah LFP,20 Ah,LFP_C_20_B_30_SOC_5-65_Part_1-1_ID_BEGT215HKBW200282.xlsx,E:\Datasets\PulseBat\PulseBat-all-raw\ProcessingData All\step_1_extract workstep sheet\20Ah LFP\LFP_C_20_B_30_SOC_5-65_Part_1-1_ID_BEGT215HKBW200282.xlsx,5,65,5-65,1-1,keep_SOC_5-65_Part_1-1,0.734855,73.4855,20,14.6971
20Ah LFP,20 Ah,LFP_C_20_B_31_SOC_5-75_Part_1-1_ID_BEGT213HKSU300256.xlsx,E:\Datasets\PulseBat\PulseBat-all-raw\ProcessingData All\step_1_extract workstep sheet\20Ah LFP\LFP_C_20_B_31_SOC_5-75_Part_1-1_ID_BEGT213HKSU300256.xlsx,5,75,5-75,1-1,keep_SOC_5-75_Part_1-1,0.8206300000000001,82.063,20,16.4126
20Ah LFP,20 Ah,LFP_C_20_B_32_SOC_5-75_Part_1-1_ID_BEGT213HKSU200159.xlsx,E:\Datasets\PulseBat\PulseBat-all-raw\ProcessingData All\step_1_extract workstep sheet\20Ah LFP\LFP_C_20_B_32_SOC_5-75_Part_1-1_ID_BEGT213HKSU200159.xlsx,5,75,5-75,1-1,keep_SOC_5-75_Part_1-1,0.8140850000000001,81.4085,20,16.2817
20Ah LFP,20 Ah,LFP_C_20_B_33_SOC_5-75_Part_1-1_ID_BEGT201HKBJ200253.xlsx,E:\Datasets\PulseBat\PulseBat-all-raw\ProcessingData All\step_1_extract workstep sheet\20Ah LFP\LFP_C_20_B_33_SOC_5-75_Part_1-1_ID_BEGT201HKBJ200253.xlsx,5,75,5-75,1-1,keep_SOC_5-75_Part_1-1,0.818965,81.8965,20,16.3793
20Ah LFP,20 Ah,LFP_C_20_B_34_SOC_5-70_Part_1-1_ID_BEGT203CQ04000355.xlsx,E:\Datasets\PulseBat\PulseBat-all-raw\ProcessingData All\step_1_extract workstep sheet\20Ah LFP\LFP_C_20_B_34_SOC_5-70_Part_1-1_ID_BEGT203CQ04000355.xlsx,5,70,5-70,1-1,keep_SOC_5-70_Part_1-1,0.76947,76.947,20,15.3894
20Ah LFP,20 Ah,LFP_C_20_B_35_SOC_5-70_Part_1-1_ID_BEGT213HKSU200198.xlsx,E:\Datasets\PulseBat\PulseBat-all-raw\ProcessingData All\step_1_extract workstep sheet\20Ah LFP\LFP_C_20_B_35_SOC_5-70_Part_1-1_ID_BEGT213HKSU200198.xlsx,5,70,5-70,1-1,keep_SOC_5-70_Part_1-1,0.79023,79.023,20,15.8046
20Ah LFP,20 Ah,LFP_C_20_B_36_SOC_5-70_Part_1-1_ID_BEGT202CQ01000614.xlsx,E:\Datasets\PulseBat\PulseBat-all-raw\ProcessingData All\step_1_extract workstep sheet\20Ah LFP\LFP_C_20_B_36_SOC_5-70_Part_1-1_ID_BEGT202CQ01000614.xlsx,5,70,5-70,1-1,keep_SOC_5-70_Part_1-1,0.774745,77.4745,20,15.4949
20Ah LFP,20 Ah,LFP_C_20_B_37_SOC_5-70_Part_1-1_ID_BEGT213HKSU400132.xlsx,E:\Datasets\PulseBat\PulseBat-all-raw\ProcessingData All\step_1_extract workstep sheet\20Ah LFP\LFP_C_20_B_37_SOC_5-70_Part_1-1_ID_BEGT213HKSU400132.xlsx,5,70,5-70,1-1,keep_SOC_5-70_Part_1-1,0.797295,79.7295,20,15.9459
20Ah LFP,20 Ah,LFP_C_20_B_38_SOC_5-60_Part_1-1_ID_BEGT215HKBV200162.xlsx,E:\Datasets\PulseBat\PulseBat-all-raw\ProcessingData All\step_1_extract workstep sheet\20Ah LFP\LFP_C_20_B_38_SOC_5-60_Part_1-1_ID_BEGT215HKBV200162.xlsx,5,60,5-60,1-1,keep_SOC_5-60_Part_1-1,0.66631,66.631,20,13.3262
20Ah LFP,20 Ah,LFP_C_20_B_39_SOC_5-65_Part_1-1_ID_BEGT202CQ01001586.xlsx,E:\Datasets\PulseBat\PulseBat-all-raw\ProcessingData All\step_1_extract workstep sheet\20Ah LFP\LFP_C_20_B_39_SOC_5-65_Part_1-1_ID_BEGT202CQ01001586.xlsx,5,65,5-65,1-1,keep_SOC_5-65_Part_1-1,0.74095,74.095,20,14.819
20Ah LFP,20 Ah,LFP_C_20_B_3_SOC_5-70_Part_1-1_ID_BEGT213HKSU400083.xlsx,E:\Datasets\PulseBat\PulseBat-all-raw\ProcessingData All\step_1_extract workstep sheet\20Ah LFP\LFP_C_20_B_3_SOC_5-70_Part_1-1_ID_BEGT213HKSU400083.xlsx,5,70,5-70,1-1,keep_SOC_5-70_Part_1-1,0.78269,78.269,20,15.6538
20Ah LFP,20 Ah,LFP_C_20_B_40_SOC_5-65_Part_1-1_ID_BEGQ011CQ03000756.xlsx,E:\Datasets\PulseBat\PulseBat-all-raw\ProcessingData All\step_1_extract workstep sheet\20Ah LFP\LFP_C_20_B_40_SOC_5-65_Part_1-1_ID_BEGQ011CQ03000756.xlsx,5,65,5-65,1-1,keep_SOC_5-65_Part_1-1,0.7136250000000001,71.36250000000001,20,14.2725
20Ah LFP,20 Ah,LFP_C_20_B_41_SOC_5-70_Part_1-1_ID_BEGT203CQ04001150.xlsx,E:\Datasets\PulseBat\PulseBat-all-raw\ProcessingData All\step_1_extract workstep sheet\20Ah LFP\LFP_C_20_B_41_SOC_5-70_Part_1-1_ID_BEGT203CQ04001150.xlsx,5,70,5-70,1-1,keep_SOC_5-70_Part_1-1,0.803125,80.3125,20,16.0625
20Ah LFP,20 Ah,LFP_C_20_B_42_SOC_5-70_Part_1-1_ID_BEGQ011CQ03000245.xlsx,E:\Datasets\PulseBat\PulseBat-all-raw\ProcessingData All\step_1_extract workstep sheet\20Ah LFP\LFP_C_20_B_42_SOC_5-70_Part_1-1_ID_BEGQ011CQ03000245.xlsx,5,70,5-70,1-1,keep_SOC_5-70_Part_1-1,0.7854300000000001,78.543,20,15.7086
20Ah LFP,20 Ah,LFP_C_20_B_43_SOC_5-70_Part_1-1_ID_BEGT213HKSU300004.xlsx,E:\Datasets\PulseBat\PulseBat-all-raw\ProcessingData All\step_1_extract workstep sheet\20Ah LFP\LFP_C_20_B_43_SOC_5-70_Part_1-1_ID_BEGT213HKSU300004.xlsx,5,70,5-70,1-1,keep_SOC_5-70_Part_1-1,0.807565,80.7565,20,16.1513
20Ah LFP,20 Ah,LFP_C_20_B_44_SOC_5-70_Part_1-1_ID_BEGQ013HKSA200464.xlsx,E:\Datasets\PulseBat\PulseBat-all-raw\ProcessingData All\step_1_extract workstep sheet\20Ah LFP\LFP_C_20_B_44_SOC_5-70_Part_1-1_ID_BEGQ013HKSA200464.xlsx,5,70,5-70,1-1,keep_SOC_5-70_Part_1-1,0.79629,79.629,20,15.9258
20Ah LFP,20 Ah,LFP_C_20_B_45_SOC_5-70_Part_1-1_ID_BEGQ013HKSA200169.xlsx,E:\Datasets\PulseBat\PulseBat-all-raw\ProcessingData All\step_1_extract workstep sheet\20Ah LFP\LFP_C_20_B_45_SOC_5-70_Part_1-1_ID_BEGQ013HKSA200169.xlsx,5,70,5-70,1-1,keep_SOC_5-70_Part_1-1,0.8091950000000001,80.91950000000001,20,16.1839
20Ah LFP,20 Ah,LFP_C_20_B_46_SOC_5-70_Part_1-1_ID_BEGQ013HKSA200129.xlsx,E:\Datasets\PulseBat\PulseBat-all-raw\ProcessingData All\step_1_extract workstep sheet\20Ah LFP\LFP_C_20_B_46_SOC_5-70_Part_1-1_ID_BEGQ013HKSA200129.xlsx,5,70,5-70,1-1,keep_SOC_5-70_Part_1-1,0.80822,80.822,20,16.1644
20Ah LFP,20 Ah,LFP_C_20_B_47_SOC_5-60_Part_1-1_ID_BEGT216HK70000022.xlsx,E:\Datasets\PulseBat\PulseBat-all-raw\ProcessingData All\step_1_extract workstep sheet\20Ah LFP\LFP_C_20_B_47_SOC_5-60_Part_1-1_ID_BEGT216HK70000022.xlsx,5,60,5-60,1-1,keep_SOC_5-60_Part_1-1,0.690345,69.0345,20,13.8069
20Ah LFP,20 Ah,LFP_C_20_B_48_SOC_5-65_Part_1-1_ID_BEGT215HKSV400186.xlsx,E:\Datasets\PulseBat\PulseBat-all-raw\ProcessingData All\step_1_extract workstep sheet\20Ah LFP\LFP_C_20_B_48_SOC_5-65_Part_1-1_ID_BEGT215HKSV400186.xlsx,5,65,5-65,1-1,keep_SOC_5-65_Part_1-1,0.73705,73.705,20,14.741
20Ah LFP,20 Ah,LFP_C_20_B_49_SOC_5-65_Part_1-1_ID_BEGT202CQ01001367.xlsx,E:\Datasets\PulseBat\PulseBat-all-raw\ProcessingData All\step_1_extract workstep sheet\20Ah LFP\LFP_C_20_B_49_SOC_5-65_Part_1-1_ID_BEGT202CQ01001367.xlsx,5,65,5-65,1-1,keep_SOC_5-65_Part_1-1,0.733985,73.3985,20,14.6797
20Ah LFP,20 Ah,LFP_C_20_B_4_SOC_5-70_Part_1-1_ID_BEGT201HKBJ200194.xlsx,E:\Datasets\PulseBat\PulseBat-all-raw\ProcessingData All\step_1_extract workstep sheet\20Ah LFP\LFP_C_20_B_4_SOC_5-70_Part_1-1_ID_BEGT201HKBJ200194.xlsx,5,70,5-70,1-1,keep_SOC_5-70_Part_1-1,0.8096650000000001,80.96650000000001,20,16.1933
20Ah LFP,20 Ah,LFP_C_20_B_50_SOC_5-70_Part_1-1_ID_BEGQ011CQ03000905.xlsx,E:\Datasets\PulseBat\PulseBat-all-raw\ProcessingData All\step_1_extract workstep sheet\20Ah LFP\LFP_C_20_B_50_SOC_5-70_Part_1-1_ID_BEGQ011CQ03000905.xlsx,5,70,5-70,1-1,keep_SOC_5-70_Part_1-1,0.784075,78.4075,20,15.6815
20Ah LFP,20 Ah,LFP_C_20_B_51_SOC_5-60_Part_1-1_ID_BEGT216HKBV500048.xlsx,E:\Datasets\PulseBat\PulseBat-all-raw\ProcessingData All\step_1_extract workstep sheet\20Ah LFP\LFP_C_20_B_51_SOC_5-60_Part_1-1_ID_BEGT216HKBV500048.xlsx,5,60,5-60,1-1,keep_SOC_5-60_Part_1-1,0.68233,68.233,20,13.6466
20Ah LFP,20 Ah,LFP_C_20_B_52_SOC_5-70_Part_1-1_ID_BEGQ011CQ03001373.xlsx,E:\Datasets\PulseBat\PulseBat-all-raw\ProcessingData All\step_1_extract workstep sheet\20Ah LFP\LFP_C_20_B_52_SOC_5-70_Part_1-1_ID_BEGQ011CQ03001373.xlsx,5,70,5-70,1-1,keep_SOC_5-70_Part_1-1,0.804905,80.4905,20,16.0981
20Ah LFP,20 Ah,LFP_C_20_B_53_SOC_5-65_Part_1-1_ID_BEGQ011CQ03000686.xlsx,E:\Datasets\PulseBat\PulseBat-all-raw\ProcessingData All\step_1_extract workstep sheet\20Ah LFP\LFP_C_20_B_53_SOC_5-65_Part_1-1_ID_BEGQ011CQ03000686.xlsx,5,65,5-65,1-1,keep_SOC_5-65_Part_1-1,0.74022,74.022,20,14.8044
20Ah LFP,20 Ah,LFP_C_20_B_54_SOC_5-70_Part_1-1_ID_BEGT213HKSU400578.xlsx,E:\Datasets\PulseBat\PulseBat-all-raw\ProcessingData All\step_1_extract workstep sheet\20Ah LFP\LFP_C_20_B_54_SOC_5-70_Part_1-1_ID_BEGT213HKSU400578.xlsx,5,70,5-70,1-1,keep_SOC_5-70_Part_1-1,0.8006800000000001,80.06800000000001,20,16.0136
20Ah LFP,20 Ah,LFP_C_20_B_55_SOC_5-70_Part_1-1_ID_BEGQ012CQ01000909.xlsx,E:\Datasets\PulseBat\PulseBat-all-raw\ProcessingData All\step_1_extract workstep sheet\20Ah LFP\LFP_C_20_B_55_SOC_5-70_Part_1-1_ID_BEGQ012CQ01000909.xlsx,5,70,5-70,1-1,keep_SOC_5-70_Part_1-1,0.798405,79.8405,20,15.9681
20Ah LFP,20 Ah,LFP_C_20_B_56_SOC_5-70_Part_1-1_ID_BEGT213HKSU200214.xlsx,E:\Datasets\PulseBat\PulseBat-all-raw\ProcessingData All\step_1_extract workstep sheet\20Ah LFP\LFP_C_20_B_56_SOC_5-70_Part_1-1_ID_BEGT213HKSU200214.xlsx,5,70,5-70,1-1,keep_SOC_5-70_Part_1-1,0.773935,77.3935,20,15.4787
20Ah LFP,20 Ah,LFP_C_20_B_57_SOC_5-70_Part_1-1_ID_BEGT215HKSV400035.xlsx,E:\Datasets\PulseBat\PulseBat-all-raw\ProcessingData All\step_1_extract workstep sheet\20Ah LFP\LFP_C_20_B_57_SOC_5-70_Part_1-1_ID_BEGT215HKSV400035.xlsx,5,70,5-70,1-1,keep_SOC_5-70_Part_1-1,0.7918499999999999,79.18499999999999,20,15.837
20Ah LFP,20 Ah,LFP_C_20_B_58_SOC_5-70_Part_1-1_ID_BEGT213HKSU300578.xlsx,E:\Datasets\PulseBat\PulseBat-all-raw\ProcessingData All\step_1_extract workstep sheet\20Ah LFP\LFP_C_20_B_58_SOC_5-70_Part_1-1_ID_BEGT213HKSU300578.xlsx,5,70,5-70,1-1,keep_SOC_5-70_Part_1-1,0.799945,79.9945,20,15.9989
20Ah LFP,20 Ah,LFP_C_20_B_59_SOC_5-65_Part_1-1_ID_BEGQ007CQ06000258.xlsx,E:\Datasets\PulseBat\PulseBat-all-raw\ProcessingData All\step_1_extract workstep sheet\20Ah LFP\LFP_C_20_B_59_SOC_5-65_Part_1-1_ID_BEGQ007CQ06000258.xlsx,5,65,5-65,1-1,keep_SOC_5-65_Part_1-1,0.76161,76.161,20,15.2322
20Ah LFP,20 Ah,LFP_C_20_B_5_SOC_5-65_Part_1-1_ID_BEGT216HK70000374.xlsx,E:\Datasets\PulseBat\PulseBat-all-raw\ProcessingData All\step_1_extract workstep sheet\20Ah LFP\LFP_C_20_B_5_SOC_5-65_Part_1-1_ID_BEGT216HK70000374.xlsx,5,65,5-65,1-1,keep_SOC_5-65_Part_1-1,0.72058,72.05799999999999,20,14.4116
20Ah LFP,20 Ah,LFP_C_20_B_60_SOC_5-65_Part_1-1_ID_BEGT215HKBV200462.xlsx,E:\Datasets\PulseBat\PulseBat-all-raw\ProcessingData All\step_1_extract workstep sheet\20Ah LFP\LFP_C_20_B_60_SOC_5-65_Part_1-1_ID_BEGT215HKBV200462.xlsx,5,65,5-65,1-1,keep_SOC_5-65_Part_1-1,0.7428,74.28,20,14.856
20Ah LFP,20 Ah,LFP_C_20_B_61_SOC_5-65_Part_1-1_ID_BEGT216HK70000320.xlsx,E:\Datasets\PulseBat\PulseBat-all-raw\ProcessingData All\step_1_extract workstep sheet\20Ah LFP\LFP_C_20_B_61_SOC_5-65_Part_1-1_ID_BEGT216HK70000320.xlsx,5,65,5-65,1-1,keep_SOC_5-65_Part_1-1,0.71669,71.66900000000001,20,14.3338
20Ah LFP,20 Ah,LFP_C_20_B_62_SOC_5-70_Part_1-1_ID_BEGT201HKBJ200211.xlsx,E:\Datasets\PulseBat\PulseBat-all-raw\ProcessingData All\step_1_extract workstep sheet\20Ah LFP\LFP_C_20_B_62_SOC_5-70_Part_1-1_ID_BEGT201HKBJ200211.xlsx,5,70,5-70,1-1,keep_SOC_5-70_Part_1-1,0.797385,79.7385,20,15.9477
20Ah LFP,20 Ah,LFP_C_20_B_63_SOC_5-75_Part_1-1_ID_BEGT201HKBJ200212.xlsx,E:\Datasets\PulseBat\PulseBat-all-raw\ProcessingData All\step_1_extract workstep sheet\20Ah LFP\LFP_C_20_B_63_SOC_5-75_Part_1-1_ID_BEGT201HKBJ200212.xlsx,5,75,5-75,1-1,keep_SOC_5-75_Part_1-1,0.820415,82.0415,20,16.4083
20Ah LFP,20 Ah,LFP_C_20_B_64_SOC_5-65_Part_1-1_ID_BEGT216HKBV500348.xlsx,E:\Datasets\PulseBat\PulseBat-all-raw\ProcessingData All\step_1_extract workstep sheet\20Ah LFP\LFP_C_20_B_64_SOC_5-65_Part_1-1_ID_BEGT216HKBV500348.xlsx,5,65,5-65,1-1,keep_SOC_5-65_Part_1-1,0.731745,73.1745,20,14.6349
20Ah LFP,20 Ah,LFP_C_20_B_65_SOC_5-60_Part_1-1_ID_BEGT216HK70000363.xlsx,E:\Datasets\PulseBat\PulseBat-all-raw\ProcessingData All\step_1_extract workstep sheet\20Ah LFP\LFP_C_20_B_65_SOC_5-60_Part_1-1_ID_BEGT216HK70000363.xlsx,5,60,5-60,1-1,keep_SOC_5-60_Part_1-1,0.6861349999999999,68.61349999999999,20,13.7227
20Ah LFP,20 Ah,LFP_C_20_B_66_SOC_5-75_Part_1-1_ID_BEGT213HKSU200246.xlsx,E:\Datasets\PulseBat\PulseBat-all-raw\ProcessingData All\step_1_extract workstep sheet\20Ah LFP\LFP_C_20_B_66_SOC_5-75_Part_1-1_ID_BEGT213HKSU200246.xlsx,5,75,5-75,1-1,keep_SOC_5-75_Part_1-1,0.813385,81.3385,20,16.2677
20Ah LFP,20 Ah,LFP_C_20_B_67_SOC_5-65_Part_1-1_ID_BEGT202CQ01000770.xlsx,E:\Datasets\PulseBat\PulseBat-all-raw\ProcessingData All\step_1_extract workstep sheet\20Ah LFP\LFP_C_20_B_67_SOC_5-65_Part_1-1_ID_BEGT202CQ01000770.xlsx,5,65,5-65,1-1,keep_SOC_5-65_Part_1-1,0.724305,72.4305,20,14.4861
20Ah LFP,20 Ah,LFP_C_20_B_68_SOC_5-65_Part_1-1_ID_BEGQ013HKBC300449.xlsx,E:\Datasets\PulseBat\PulseBat-all-raw\ProcessingData All\step_1_extract workstep sheet\20Ah LFP\LFP_C_20_B_68_SOC_5-65_Part_1-1_ID_BEGQ013HKBC300449.xlsx,5,65,5-65,1-1,keep_SOC_5-65_Part_1-1,0.745805,74.5805,20,14.9161
20Ah LFP,20 Ah,LFP_C_20_B_69_SOC_5-65_Part_1-1_ID_BEGT203CQ04000057.xlsx,E:\Datasets\PulseBat\PulseBat-all-raw\ProcessingData All\step_1_extract workstep sheet\20Ah LFP\LFP_C_20_B_69_SOC_5-65_Part_1-1_ID_BEGT203CQ04000057.xlsx,5,65,5-65,1-1,keep_SOC_5-65_Part_1-1,0.7438049999999999,74.3805,20,14.8761
20Ah LFP,20 Ah,LFP_C_20_B_6_SOC_5-70_Part_1-1_ID_BEGT202HJBJ100363.xlsx,E:\Datasets\PulseBat\PulseBat-all-raw\ProcessingData All\step_1_extract workstep sheet\20Ah LFP\LFP_C_20_B_6_SOC_5-70_Part_1-1_ID_BEGT202HJBJ100363.xlsx,5,70,5-70,1-1,keep_SOC_5-70_Part_1-1,0.8058249999999999,80.5825,20,16.1165
20Ah LFP,20 Ah,LFP_C_20_B_70_SOC_5-70_Part_1-1_ID_BEGT213HKSU300240.xlsx,E:\Datasets\PulseBat\PulseBat-all-raw\ProcessingData All\step_1_extract workstep sheet\20Ah LFP\LFP_C_20_B_70_SOC_5-70_Part_1-1_ID_BEGT213HKSU300240.xlsx,5,70,5-70,1-1,keep_SOC_5-70_Part_1-1,0.8060499999999999,80.60499999999999,20,16.121
20Ah LFP,20 Ah,LFP_C_20_B_71_SOC_5-60_Part_1-1_ID_BEGT216HK70000263.xlsx,E:\Datasets\PulseBat\PulseBat-all-raw\ProcessingData All\step_1_extract workstep sheet\20Ah LFP\LFP_C_20_B_71_SOC_5-60_Part_1-1_ID_BEGT216HK70000263.xlsx,5,60,5-60,1-1,keep_SOC_5-60_Part_1-1,0.703445,70.3445,20,14.0689
20Ah LFP,20 Ah,LFP_C_20_B_72_SOC_5-70_Part_1-1_ID_BEGQ012CQ01000125.xlsx,E:\Datasets\PulseBat\PulseBat-all-raw\ProcessingData All\step_1_extract workstep sheet\20Ah LFP\LFP_C_20_B_72_SOC_5-70_Part_1-1_ID_BEGQ012CQ01000125.xlsx,5,70,5-70,1-1,keep_SOC_5-70_Part_1-1,0.784305,78.43050000000001,20,15.6861
20Ah LFP,20 Ah,LFP_C_20_B_73_SOC_5-65_Part_1-1_ID_BEGT216HK70000382.xlsx,E:\Datasets\PulseBat\PulseBat-all-raw\ProcessingData All\step_1_extract workstep sheet\20Ah LFP\LFP_C_20_B_73_SOC_5-65_Part_1-1_ID_BEGT216HK70000382.xlsx,5,65,5-65,1-1,keep_SOC_5-65_Part_1-1,0.7125250000000001,71.25250000000001,20,14.2505
20Ah LFP,20 Ah,LFP_C_20_B_74_SOC_5-65_Part_1-1_ID_BEGT216HKBV500017.xlsx,E:\Datasets\PulseBat\PulseBat-all-raw\ProcessingData All\step_1_extract workstep sheet\20Ah LFP\LFP_C_20_B_74_SOC_5-65_Part_1-1_ID_BEGT216HKBV500017.xlsx,5,65,5-65,1-1,keep_SOC_5-65_Part_1-1,0.719275,71.9275,20,14.3855
20Ah LFP,20 Ah,LFP_C_20_B_75_SOC_5-60_Part_1-1_ID_BEGQ011CQ03000251.xlsx,E:\Datasets\PulseBat\PulseBat-all-raw\ProcessingData All\step_1_extract workstep sheet\20Ah LFP\LFP_C_20_B_75_SOC_5-60_Part_1-1_ID_BEGQ011CQ03000251.xlsx,5,60,5-60,1-1,keep_SOC_5-60_Part_1-1,0.68794,68.794,20,13.7588
20Ah LFP,20 Ah,LFP_C_20_B_76_SOC_5-70_Part_1-1_ID_BEGQ012CQ01000065.xlsx,E:\Datasets\PulseBat\PulseBat-all-raw\ProcessingData All\step_1_extract workstep sheet\20Ah LFP\LFP_C_20_B_76_SOC_5-70_Part_1-1_ID_BEGQ012CQ01000065.xlsx,5,70,5-70,1-1,keep_SOC_5-70_Part_1-1,0.8003600000000001,80.036,20,16.0072
20Ah LFP,20 Ah,LFP_C_20_B_77_SOC_5-65_Part_1-1_ID_BEGT215HKBV200242.xlsx,E:\Datasets\PulseBat\PulseBat-all-raw\ProcessingData All\step_1_extract workstep sheet\20Ah LFP\LFP_C_20_B_77_SOC_5-65_Part_1-1_ID_BEGT215HKBV200242.xlsx,5,65,5-65,1-1,keep_SOC_5-65_Part_1-1,0.72522,72.52199999999999,20,14.5044
20Ah LFP,20 Ah,LFP_C_20_B_78_SOC_5-75_Part_1-1_ID_BEGT201HKBJ200391.xlsx,E:\Datasets\PulseBat\PulseBat-all-raw\ProcessingData All\step_1_extract workstep sheet\20Ah LFP\LFP_C_20_B_78_SOC_5-75_Part_1-1_ID_BEGT201HKBJ200391.xlsx,5,75,5-75,1-1,keep_SOC_5-75_Part_1-1,0.81594,81.594,20,16.3188
20Ah LFP,20 Ah,LFP_C_20_B_79_SOC_5-70_Part_1-1_ID_BEGQ013HKSC500006.xlsx,E:\Datasets\PulseBat\PulseBat-all-raw\ProcessingData All\step_1_extract workstep sheet\20Ah LFP\LFP_C_20_B_79_SOC_5-70_Part_1-1_ID_BEGQ013HKSC500006.xlsx,5,70,5-70,1-1,keep_SOC_5-70_Part_1-1,0.7976650000000001,79.76650000000001,20,15.9533
20Ah LFP,20 Ah,LFP_C_20_B_7_SOC_5-75_Part_1-1_ID_BEGT201HKBJ200005.xlsx,E:\Datasets\PulseBat\PulseBat-all-raw\ProcessingData All\step_1_extract workstep sheet\20Ah LFP\LFP_C_20_B_7_SOC_5-75_Part_1-1_ID_BEGT201HKBJ200005.xlsx,5,75,5-75,1-1,keep_SOC_5-75_Part_1-1,0.8255250000000001,82.55250000000001,20,16.5105
20Ah LFP,20 Ah,LFP_C_20_B_80_SOC_5-65_Part_1-1_ID_BEGQ012CQ01000383.xlsx,E:\Datasets\PulseBat\PulseBat-all-raw\ProcessingData All\step_1_extract workstep sheet\20Ah LFP\LFP_C_20_B_80_SOC_5-65_Part_1-1_ID_BEGQ012CQ01000383.xlsx,5,65,5-65,1-1,keep_SOC_5-65_Part_1-1,0.75686,75.68599999999999,20,15.1372
20Ah LFP,20 Ah,LFP_C_20_B_81_SOC_5-65_Part_1-1_ID_BEGT216HKBV500343.xlsx,E:\Datasets\PulseBat\PulseBat-all-raw\ProcessingData All\step_1_extract workstep sheet\20Ah LFP\LFP_C_20_B_81_SOC_5-65_Part_1-1_ID_BEGT216HKBV500343.xlsx,5,65,5-65,1-1,keep_SOC_5-65_Part_1-1,0.738135,73.8135,20,14.7627
20Ah LFP,20 Ah,LFP_C_20_B_82_SOC_5-70_Part_1-1_ID_BEGT202CQ01000017.xlsx,E:\Datasets\PulseBat\PulseBat-all-raw\ProcessingData All\step_1_extract workstep sheet\20Ah LFP\LFP_C_20_B_82_SOC_5-70_Part_1-1_ID_BEGT202CQ01000017.xlsx,5,70,5-70,1-1,keep_SOC_5-70_Part_1-1,0.76375,76.375,20,15.275
20Ah LFP,20 Ah,LFP_C_20_B_83_SOC_5-65_Part_1-1_ID_BEGT204HKBK100283.xlsx,E:\Datasets\PulseBat\PulseBat-all-raw\ProcessingData All\step_1_extract workstep sheet\20Ah LFP\LFP_C_20_B_83_SOC_5-65_Part_1-1_ID_BEGT204HKBK100283.xlsx,5,65,5-65,1-1,keep_SOC_5-65_Part_1-1,0.757495,75.7495,20,15.1499
20Ah LFP,20 Ah,LFP_C_20_B_84_SOC_5-70_Part_1-1_ID_BEGQ012CQ01001381.xlsx,E:\Datasets\PulseBat\PulseBat-all-raw\ProcessingData All\step_1_extract workstep sheet\20Ah LFP\LFP_C_20_B_84_SOC_5-70_Part_1-1_ID_BEGQ012CQ01001381.xlsx,5,70,5-70,1-1,keep_SOC_5-70_Part_1-1,0.78844,78.84400000000001,20,15.7688
20Ah LFP,20 Ah,LFP_C_20_B_85_SOC_5-75_Part_1-1_ID_BEGT213HKSU200013.xlsx,E:\Datasets\PulseBat\PulseBat-all-raw\ProcessingData All\step_1_extract workstep sheet\20Ah LFP\LFP_C_20_B_85_SOC_5-75_Part_1-1_ID_BEGT213HKSU200013.xlsx,5,75,5-75,1-1,keep_SOC_5-75_Part_1-1,0.8182449999999999,81.82449999999999,20,16.3649
20Ah LFP,20 Ah,LFP_C_20_B_86_SOC_5-70_Part_1-1_ID_BEGQ013HKBC300292.xlsx,E:\Datasets\PulseBat\PulseBat-all-raw\ProcessingData All\step_1_extract workstep sheet\20Ah LFP\LFP_C_20_B_86_SOC_5-70_Part_1-1_ID_BEGQ013HKBC300292.xlsx,5,70,5-70,1-1,keep_SOC_5-70_Part_1-1,0.76505,76.505,20,15.301
20Ah LFP,20 Ah,LFP_C_20_B_87_SOC_5-65_Part_1-1_ID_BEGT214HK65000588.xlsx,E:\Datasets\PulseBat\PulseBat-all-raw\ProcessingData All\step_1_extract workstep sheet\20Ah LFP\LFP_C_20_B_87_SOC_5-65_Part_1-1_ID_BEGT214HK65000588.xlsx,5,65,5-65,1-1,keep_SOC_5-65_Part_1-1,0.756275,75.6275,20,15.1255
20Ah LFP,20 Ah,LFP_C_20_B_88_SOC_5-65_Part_1-1_ID_BEGT202CQ01001568.xlsx,E:\Datasets\PulseBat\PulseBat-all-raw\ProcessingData All\step_1_extract workstep sheet\20Ah LFP\LFP_C_20_B_88_SOC_5-65_Part_1-1_ID_BEGT202CQ01001568.xlsx,5,65,5-65,1-1,keep_SOC_5-65_Part_1-1,0.716415,71.64150000000001,20,14.3283
20Ah LFP,20 Ah,LFP_C_20_B_89_SOC_5-70_Part_1-1_ID_BEGT202HKBJ200398.xlsx,E:\Datasets\PulseBat\PulseBat-all-raw\ProcessingData All\step_1_extract workstep sheet\20Ah LFP\LFP_C_20_B_89_SOC_5-70_Part_1-1_ID_BEGT202HKBJ200398.xlsx,5,70,5-70,1-1,keep_SOC_5-70_Part_1-1,0.79025,79.025,20,15.805
20Ah LFP,20 Ah,LFP_C_20_B_8_SOC_5-70_Part_1-1_ID_BEGT215HKSV400181.xlsx,E:\Datasets\PulseBat\PulseBat-all-raw\ProcessingData All\step_1_extract workstep sheet\20Ah LFP\LFP_C_20_B_8_SOC_5-70_Part_1-1_ID_BEGT215HKSV400181.xlsx,5,70,5-70,1-1,keep_SOC_5-70_Part_1-1,0.770165,77.0165,20,15.4033
20Ah LFP,20 Ah,LFP_C_20_B_90_SOC_5-70_Part_1-1_ID_BEGQ012CQ01000554.xlsx,E:\Datasets\PulseBat\PulseBat-all-raw\ProcessingData All\step_1_extract workstep sheet\20Ah LFP\LFP_C_20_B_90_SOC_5-70_Part_1-1_ID_BEGQ012CQ01000554.xlsx,5,70,5-70,1-1,keep_SOC_5-70_Part_1-1,0.7740549999999999,77.40549999999999,20,15.4811
20Ah LFP,20 Ah,LFP_C_20_B_91_SOC_5-70_Part_1-1_ID_BEGT215HKSV200539.xlsx,E:\Datasets\PulseBat\PulseBat-all-raw\ProcessingData All\step_1_extract workstep sheet\20Ah LFP\LFP_C_20_B_91_SOC_5-70_Part_1-1_ID_BEGT215HKSV200539.xlsx,5,70,5-70,1-1,keep_SOC_5-70_Part_1-1,0.8021900000000001,80.21900000000001,20,16.0438
20Ah LFP,20 Ah,LFP_C_20_B_92_SOC_5-70_Part_1-1_ID_BEGQ013HKBC300098.xlsx,E:\Datasets\PulseBat\PulseBat-all-raw\ProcessingData All\step_1_extract workstep sheet\20Ah LFP\LFP_C_20_B_92_SOC_5-70_Part_1-1_ID_BEGQ013HKBC300098.xlsx,5,70,5-70,1-1,keep_SOC_5-70_Part_1-1,0.78036,78.036,20,15.6072
20Ah LFP,20 Ah,LFP_C_20_B_93_SOC_5-70_Part_1-1_ID_BEGT213HKSU200258.xlsx,E:\Datasets\PulseBat\PulseBat-all-raw\ProcessingData All\step_1_extract workstep sheet\20Ah LFP\LFP_C_20_B_93_SOC_5-70_Part_1-1_ID_BEGT213HKSU200258.xlsx,5,70,5-70,1-1,keep_SOC_5-70_Part_1-1,0.78619,78.619,20,15.7238
20Ah LFP,20 Ah,LFP_C_20_B_94_SOC_5-75_Part_1-1_ID_BEGT201HKBJ200442.xlsx,E:\Datasets\PulseBat\PulseBat-all-raw\ProcessingData All\step_1_extract workstep sheet\20Ah LFP\LFP_C_20_B_94_SOC_5-75_Part_1-1_ID_BEGT201HKBJ200442.xlsx,5,75,5-75,1-1,keep_SOC_5-75_Part_1-1,0.82075,82.075,20,16.415
20Ah LFP,20 Ah,LFP_C_20_B_95_SOC_5-70_Part_1-1_ID_BEGT213HKSU400139.xlsx,E:\Datasets\PulseBat\PulseBat-all-raw\ProcessingData All\step_1_extract workstep sheet\20Ah LFP\LFP_C_20_B_95_SOC_5-70_Part_1-1_ID_BEGT213HKSU400139.xlsx,5,70,5-70,1-1,keep_SOC_5-70_Part_1-1,0.774025,77.4025,20,15.4805
20Ah LFP,20 Ah,LFP_C_20_B_96_SOC_5-65_Part_1-1_ID_BEGT215HKBW200360.xlsx,E:\Datasets\PulseBat\PulseBat-all-raw\ProcessingData All\step_1_extract workstep sheet\20Ah LFP\LFP_C_20_B_96_SOC_5-65_Part_1-1_ID_BEGT215HKBW200360.xlsx,5,65,5-65,1-1,keep_SOC_5-65_Part_1-1,0.742885,74.2885,20,14.8577
20Ah LFP,20 Ah,LFP_C_20_B_97_SOC_5-70_Part_1-1_ID_BEGT202HKBJ200502.xlsx,E:\Datasets\PulseBat\PulseBat-all-raw\ProcessingData All\step_1_extract workstep sheet\20Ah LFP\LFP_C_20_B_97_SOC_5-70_Part_1-1_ID_BEGT202HKBJ200502.xlsx,5,70,5-70,1-1,keep_SOC_5-70_Part_1-1,0.805055,80.5055,20,16.1011
20Ah LFP,20 Ah,LFP_C_20_B_98_SOC_5-65_Part_1-1_ID_BEGT216HKBV500320.xlsx,E:\Datasets\PulseBat\PulseBat-all-raw\ProcessingData All\step_1_extract workstep sheet\20Ah LFP\LFP_C_20_B_98_SOC_5-65_Part_1-1_ID_BEGT216HKBV500320.xlsx,5,65,5-65,1-1,keep_SOC_5-65_Part_1-1,0.73358,73.358,20,14.6716
20Ah LFP,20 Ah,LFP_C_20_B_99_SOC_5-70_Part_1-1_ID_BEGQ012CQ01000156.xlsx,E:\Datasets\PulseBat\PulseBat-all-raw\ProcessingData All\step_1_extract workstep sheet\20Ah LFP\LFP_C_20_B_99_SOC_5-70_Part_1-1_ID_BEGQ012CQ01000156.xlsx,5,70,5-70,1-1,keep_SOC_5-70_Part_1-1,0.79897,79.89699999999999,20,15.9794
20Ah LFP,20 Ah,LFP_C_20_B_9_SOC_5-65_Part_1-1_ID_BEGT216HK70000280.xlsx,E:\Datasets\PulseBat\PulseBat-all-raw\ProcessingData All\step_1_extract workstep sheet\20Ah LFP\LFP_C_20_B_9_SOC_5-65_Part_1-1_ID_BEGT216HK70000280.xlsx,5,65,5-65,1-1,keep_SOC_5-65_Part_1-1,0.735635,73.5635,20,14.7127
35Ah LFP,35 Ah,LFP_C_35_B_10_SOC_5-70_Part_1-1_ID_10号.xlsx,E:\Datasets\PulseBat\PulseBat-all-raw\ProcessingData All\step_1_extract workstep sheet\35Ah LFP\LFP_C_35_B_10_SOC_5-70_Part_1-1_ID_10号.xlsx,5,70,5-70,1-1,keep_SOC_5-70_Part_1-1,0.8049657142857143,80.49657142857143,35,28.1738
35Ah LFP,35 Ah,LFP_C_35_B_11_SOC_5-70_Part_1-1_ID_11号.xlsx,E:\Datasets\PulseBat\PulseBat-all-raw\ProcessingData All\step_1_extract workstep sheet\35Ah LFP\LFP_C_35_B_11_SOC_5-70_Part_1-1_ID_11号.xlsx,5,70,5-70,1-1,keep_SOC_5-70_Part_1-1,0.8135085714285714,81.35085714285714,35,28.4728
35Ah LFP,35 Ah,LFP_C_35_B_12_SOC_5-70_Part_1-1_ID_12号.xlsx,E:\Datasets\PulseBat\PulseBat-all-raw\ProcessingData All\step_1_extract workstep sheet\35Ah LFP\LFP_C_35_B_12_SOC_5-70_Part_1-1_ID_12号.xlsx,5,70,5-70,1-1,keep_SOC_5-70_Part_1-1,0.8006771428571429,80.06771428571429,35,28.0237
35Ah LFP,35 Ah,LFP_C_35_B_13_SOC_5-70_Part_1-1_ID_13号.xlsx,E:\Datasets\PulseBat\PulseBat-all-raw\ProcessingData All\step_1_extract workstep sheet\35Ah LFP\LFP_C_35_B_13_SOC_5-70_Part_1-1_ID_13号.xlsx,5,70,5-70,1-1,keep_SOC_5-70_Part_1-1,0.7876828571428571,78.76828571428571,35,27.5689
35Ah LFP,35 Ah,LFP_C_35_B_14_SOC_5-75_Part_1-1_ID_14号.xlsx,E:\Datasets\PulseBat\PulseBat-all-raw\ProcessingData All\step_1_extract workstep sheet\35Ah LFP\LFP_C_35_B_14_SOC_5-75_Part_1-1_ID_14号.xlsx,5,75,5-75,1-1,keep_SOC_5-75_Part_1-1,0.8206942857142857,82.06942857142857,35,28.7243
35Ah LFP,35 Ah,LFP_C_35_B_15_SOC_5-75_Part_1-1_ID_15号.xlsx,E:\Datasets\PulseBat\PulseBat-all-raw\ProcessingData All\step_1_extract workstep sheet\35Ah LFP\LFP_C_35_B_15_SOC_5-75_Part_1-1_ID_15号.xlsx,5,75,5-75,1-1,keep_SOC_5-75_Part_1-1,0.8252085714285714,82.52085714285714,35,28.8823
35Ah LFP,35 Ah,LFP_C_35_B_16_SOC_5-75_Part_1-1_ID_16号.xlsx,E:\Datasets\PulseBat\PulseBat-all-raw\ProcessingData All\step_1_extract workstep sheet\35Ah LFP\LFP_C_35_B_16_SOC_5-75_Part_1-1_ID_16号.xlsx,5,75,5-75,1-1,keep_SOC_5-75_Part_1-1,0.8263371428571429,82.63371428571429,35,28.9218
35Ah LFP,35 Ah,LFP_C_35_B_17_SOC_5-75_Part_1-1_ID_17号.xlsx,E:\Datasets\PulseBat\PulseBat-all-raw\ProcessingData All\step_1_extract workstep sheet\35Ah LFP\LFP_C_35_B_17_SOC_5-75_Part_1-1_ID_17号.xlsx,5,75,5-75,1-1,keep_SOC_5-75_Part_1-1,0.8226028571428572,82.26028571428571,35,28.7911
35Ah LFP,35 Ah,LFP_C_35_B_18_SOC_5-75_Part_1-1_ID_18号.xlsx,E:\Datasets\PulseBat\PulseBat-all-raw\ProcessingData All\step_1_extract workstep sheet\35Ah LFP\LFP_C_35_B_18_SOC_5-75_Part_1-1_ID_18号.xlsx,5,75,5-75,1-1,keep_SOC_5-75_Part_1-1,0.8664914285714286,86.64914285714286,35,30.3272
35Ah LFP,35 Ah,LFP_C_35_B_19_SOC_5-75_Part_1-1_ID_19号.xlsx,E:\Datasets\PulseBat\PulseBat-all-raw\ProcessingData All\step_1_extract workstep sheet\35Ah LFP\LFP_C_35_B_19_SOC_5-75_Part_1-1_ID_19号.xlsx,5,75,5-75,1-1,keep_SOC_5-75_Part_1-1,0.8270085714285714,82.70085714285715,35,28.9453
35Ah LFP,35 Ah,LFP_C_35_B_1_SOC_5-65_Part_1-1_ID_1号.xlsx,E:\Datasets\PulseBat\PulseBat-all-raw\ProcessingData All\step_1_extract workstep sheet\35Ah LFP\LFP_C_35_B_1_SOC_5-65_Part_1-1_ID_1号.xlsx,5,65,5-65,1-1,keep_SOC_5-65_Part_1-1,0.74364,74.36399999999999,35,26.0274
35Ah LFP,35 Ah,LFP_C_35_B_20_SOC_5-75_Part_1-1_ID_20号.xlsx,E:\Datasets\PulseBat\PulseBat-all-raw\ProcessingData All\step_1_extract workstep sheet\35Ah LFP\LFP_C_35_B_20_SOC_5-75_Part_1-1_ID_20号.xlsx,5,75,5-75,1-1,keep_SOC_5-75_Part_1-1,0.8541371428571428,85.41371428571428,35,29.8948
35Ah LFP,35 Ah,LFP_C_35_B_21_SOC_5-75_Part_1-1_ID_21号.xlsx,E:\Datasets\PulseBat\PulseBat-all-raw\ProcessingData All\step_1_extract workstep sheet\35Ah LFP\LFP_C_35_B_21_SOC_5-75_Part_1-1_ID_21号.xlsx,5,75,5-75,1-1,keep_SOC_5-75_Part_1-1,0.8308114285714285,83.08114285714285,35,29.0784
35Ah LFP,35 Ah,LFP_C_35_B_22_SOC_5-75_Part_1-1_ID_22号.xlsx,E:\Datasets\PulseBat\PulseBat-all-raw\ProcessingData All\step_1_extract workstep sheet\35Ah LFP\LFP_C_35_B_22_SOC_5-75_Part_1-1_ID_22号.xlsx,5,75,5-75,1-1,keep_SOC_5-75_Part_1-1,0.8388257142857143,83.88257142857142,35,29.3589
35Ah LFP,35 Ah,LFP_C_35_B_23_SOC_5-75_Part_1-1_ID_23号.xlsx,E:\Datasets\PulseBat\PulseBat-all-raw\ProcessingData All\step_1_extract workstep sheet\35Ah LFP\LFP_C_35_B_23_SOC_5-75_Part_1-1_ID_23号.xlsx,5,75,5-75,1-1,keep_SOC_5-75_Part_1-1,0.8411685714285714,84.11685714285714,35,29.4409
35Ah LFP,35 Ah,LFP_C_35_B_24_SOC_5-75_Part_1-1_ID_24号.xlsx,E:\Datasets\PulseBat\PulseBat-all-raw\ProcessingData All\step_1_extract workstep sheet\35Ah LFP\LFP_C_35_B_24_SOC_5-75_Part_1-1_ID_24号.xlsx,5,75,5-75,1-1,keep_SOC_5-75_Part_1-1,0.8223485714285714,82.23485714285714,35,28.7822
35Ah LFP,35 Ah,LFP_C_35_B_25_SOC_5-75_Part_1-1_ID_25号.xlsx,E:\Datasets\PulseBat\PulseBat-all-raw\ProcessingData All\step_1_extract workstep sheet\35Ah LFP\LFP_C_35_B_25_SOC_5-75_Part_1-1_ID_25号.xlsx,5,75,5-75,1-1,keep_SOC_5-75_Part_1-1,0.8133142857142858,81.33142857142857,35,28.466
35Ah LFP,35 Ah,LFP_C_35_B_26_SOC_5-75_Part_1-1_ID_26号.xlsx,E:\Datasets\PulseBat\PulseBat-all-raw\ProcessingData All\step_1_extract workstep sheet\35Ah LFP\LFP_C_35_B_26_SOC_5-75_Part_1-1_ID_26号.xlsx,5,75,5-75,1-1,keep_SOC_5-75_Part_1-1,0.8241457142857143,82.41457142857142,35,28.8451
35Ah LFP,35 Ah,LFP_C_35_B_27_SOC_5-75_Part_1-1_ID_27号.xlsx,E:\Datasets\PulseBat\PulseBat-all-raw\ProcessingData All\step_1_extract workstep sheet\35Ah LFP\LFP_C_35_B_27_SOC_5-75_Part_1-1_ID_27号.xlsx,5,75,5-75,1-1,keep_SOC_5-75_Part_1-1,0.8535914285714286,85.35914285714286,35,29.8757
35Ah LFP,35 Ah,LFP_C_35_B_28_SOC_5-75_Part_1-1_ID_28号.xlsx,E:\Datasets\PulseBat\PulseBat-all-raw\ProcessingData All\step_1_extract workstep sheet\35Ah LFP\LFP_C_35_B_28_SOC_5-75_Part_1-1_ID_28号.xlsx,5,75,5-75,1-1,keep_SOC_5-75_Part_1-1,0.8264828571428572,82.64828571428572,35,28.9269
35Ah LFP,35 Ah,LFP_C_35_B_29_SOC_5-75_Part_1-1_ID_29号.xlsx,E:\Datasets\PulseBat\PulseBat-all-raw\ProcessingData All\step_1_extract workstep sheet\35Ah LFP\LFP_C_35_B_29_SOC_5-75_Part_1-1_ID_29号.xlsx,5,75,5-75,1-1,keep_SOC_5-75_Part_1-1,0.83336,83.336,35,29.1676
35Ah LFP,35 Ah,LFP_C_35_B_2_SOC_5-70_Part_1-1_ID_2号.xlsx,E:\Datasets\PulseBat\PulseBat-all-raw\ProcessingData All\step_1_extract workstep sheet\35Ah LFP\LFP_C_35_B_2_SOC_5-70_Part_1-1_ID_2号.xlsx,5,70,5-70,1-1,keep_SOC_5-70_Part_1-1,0.7633,76.33,35,26.7155
35Ah LFP,35 Ah,LFP_C_35_B_30_SOC_5-75_Part_1-1_ID_30号.xlsx,E:\Datasets\PulseBat\PulseBat-all-raw\ProcessingData All\step_1_extract workstep sheet\35Ah LFP\LFP_C_35_B_30_SOC_5-75_Part_1-1_ID_30号.xlsx,5,75,5-75,1-1,keep_SOC_5-75_Part_1-1,0.8559142857142857,85.59142857142858,35,29.957
35Ah LFP,35 Ah,LFP_C_35_B_31_SOC_5-75_Part_1-1_ID_31号.xlsx,E:\Datasets\PulseBat\PulseBat-all-raw\ProcessingData All\step_1_extract workstep sheet\35Ah LFP\LFP_C_35_B_31_SOC_5-75_Part_1-1_ID_31号.xlsx,5,75,5-75,1-1,keep_SOC_5-75_Part_1-1,0.8499714285714285,84.99714285714285,35,29.749
35Ah LFP,35 Ah,LFP_C_35_B_32_SOC_5-75_Part_1-1_ID_32号.xlsx,E:\Datasets\PulseBat\PulseBat-all-raw\ProcessingData All\step_1_extract workstep sheet\35Ah LFP\LFP_C_35_B_32_SOC_5-75_Part_1-1_ID_32号.xlsx,5,75,5-75,1-1,keep_SOC_5-75_Part_1-1,0.8482771428571428,84.82771428571428,35,29.6897
35Ah LFP,35 Ah,LFP_C_35_B_33_SOC_5-75_Part_1-1_ID_33号.xlsx,E:\Datasets\PulseBat\PulseBat-all-raw\ProcessingData All\step_1_extract workstep sheet\35Ah LFP\LFP_C_35_B_33_SOC_5-75_Part_1-1_ID_33号.xlsx,5,75,5-75,1-1,keep_SOC_5-75_Part_1-1,0.845277142857143,84.5277142857143,35,29.5847
35Ah LFP,35 Ah,LFP_C_35_B_34_SOC_5-75_Part_1-1_ID_34号.xlsx,E:\Datasets\PulseBat\PulseBat-all-raw\ProcessingData All\step_1_extract workstep sheet\35Ah LFP\LFP_C_35_B_34_SOC_5-75_Part_1-1_ID_34号.xlsx,5,75,5-75,1-1,keep_SOC_5-75_Part_1-1,0.8210257142857144,82.10257142857144,35,28.7359
35Ah LFP,35 Ah,LFP_C_35_B_35_SOC_5-80_Part_1-1_ID_35号.xlsx,E:\Datasets\PulseBat\PulseBat-all-raw\ProcessingData All\step_1_extract workstep sheet\35Ah LFP\LFP_C_35_B_35_SOC_5-80_Part_1-1_ID_35号.xlsx,5,80,5-80,1-1,keep_SOC_5-80_Part_1-1,0.88986,88.986,35,31.1451
35Ah LFP,35 Ah,LFP_C_35_B_36_SOC_5-80_Part_1-1_ID_36号.xlsx,E:\Datasets\PulseBat\PulseBat-all-raw\ProcessingData All\step_1_extract workstep sheet\35Ah LFP\LFP_C_35_B_36_SOC_5-80_Part_1-1_ID_36号.xlsx,5,80,5-80,1-1,keep_SOC_5-80_Part_1-1,0.8941942857142857,89.41942857142857,35,31.2968
35Ah LFP,35 Ah,LFP_C_35_B_37_SOC_5-80_Part_1-1_ID_37号.xlsx,E:\Datasets\PulseBat\PulseBat-all-raw\ProcessingData All\step_1_extract workstep sheet\35Ah LFP\LFP_C_35_B_37_SOC_5-80_Part_1-1_ID_37号.xlsx,5,80,5-80,1-1,keep_SOC_5-80_Part_1-1,0.8878885714285715,88.78885714285715,35,31.0761
35Ah LFP,35 Ah,LFP_C_35_B_38_SOC_5-80_Part_1-1_ID_38号.xlsx,E:\Datasets\PulseBat\PulseBat-all-raw\ProcessingData All\step_1_extract workstep sheet\35Ah LFP\LFP_C_35_B_38_SOC_5-80_Part_1-1_ID_38号.xlsx,5,80,5-80,1-1,keep_SOC_5-80_Part_1-1,0.8744714285714286,87.44714285714285,35,30.6065
35Ah LFP,35 Ah,LFP_C_35_B_39_SOC_5-80_Part_1-1_ID_39号.xlsx,E:\Datasets\PulseBat\PulseBat-all-raw\ProcessingData All\step_1_extract workstep sheet\35Ah LFP\LFP_C_35_B_39_SOC_5-80_Part_1-1_ID_39号.xlsx,5,80,5-80,1-1,keep_SOC_5-80_Part_1-1,0.9035257142857143,90.35257142857142,35,31.6234
35Ah LFP,35 Ah,LFP_C_35_B_3_SOC_5-70_Part_1-1_ID_3号.xlsx,E:\Datasets\PulseBat\PulseBat-all-raw\ProcessingData All\step_1_extract workstep sheet\35Ah LFP\LFP_C_35_B_3_SOC_5-70_Part_1-1_ID_3号.xlsx,5,70,5-70,1-1,keep_SOC_5-70_Part_1-1,0.7685371428571429,76.85371428571429,35,26.8988
35Ah LFP,35 Ah,LFP_C_35_B_40_SOC_5-80_Part_1-1_ID_40号.xlsx,E:\Datasets\PulseBat\PulseBat-all-raw\ProcessingData All\step_1_extract workstep sheet\35Ah LFP\LFP_C_35_B_40_SOC_5-80_Part_1-1_ID_40号.xlsx,5,80,5-80,1-1,keep_SOC_5-80_Part_1-1,0.9061085714285714,90.61085714285714,35,31.7138
35Ah LFP,35 Ah,LFP_C_35_B_41_SOC_5-80_Part_1-1_ID_41号.xlsx,E:\Datasets\PulseBat\PulseBat-all-raw\ProcessingData All\step_1_extract workstep sheet\35Ah LFP\LFP_C_35_B_41_SOC_5-80_Part_1-1_ID_41号.xlsx,5,80,5-80,1-1,keep_SOC_5-80_Part_1-1,0.9109142857142858,91.09142857142858,35,31.882
35Ah LFP,35 Ah,LFP_C_35_B_42_SOC_5-80_Part_1-1_ID_42号.xlsx,E:\Datasets\PulseBat\PulseBat-all-raw\ProcessingData All\step_1_extract workstep sheet\35Ah LFP\LFP_C_35_B_42_SOC_5-80_Part_1-1_ID_42号.xlsx,5,80,5-80,1-1,keep_SOC_5-80_Part_1-1,0.85786,85.786,35,30.0251
35Ah LFP,35 Ah,LFP_C_35_B_43_SOC_5-80_Part_1-1_ID_43号.xlsx,E:\Datasets\PulseBat\PulseBat-all-raw\ProcessingData All\step_1_extract workstep sheet\35Ah LFP\LFP_C_35_B_43_SOC_5-80_Part_1-1_ID_43号.xlsx,5,80,5-80,1-1,keep_SOC_5-80_Part_1-1,0.8830285714285714,88.30285714285714,35,30.906
35Ah LFP,35 Ah,LFP_C_35_B_44_SOC_5-80_Part_1-1_ID_44号.xlsx,E:\Datasets\PulseBat\PulseBat-all-raw\ProcessingData All\step_1_extract workstep sheet\35Ah LFP\LFP_C_35_B_44_SOC_5-80_Part_1-1_ID_44号.xlsx,5,80,5-80,1-1,keep_SOC_5-80_Part_1-1,0.907,90.7,35,31.745
35Ah LFP,35 Ah,LFP_C_35_B_45_SOC_5-80_Part_1-1_ID_45号.xlsx,E:\Datasets\PulseBat\PulseBat-all-raw\ProcessingData All\step_1_extract workstep sheet\35Ah LFP\LFP_C_35_B_45_SOC_5-80_Part_1-1_ID_45号.xlsx,5,80,5-80,1-1,keep_SOC_5-80_Part_1-1,0.8835542857142856,88.35542857142856,35,30.9244
35Ah LFP,35 Ah,LFP_C_35_B_46_SOC_5-80_Part_1-1_ID_46号.xlsx,E:\Datasets\PulseBat\PulseBat-all-raw\ProcessingData All\step_1_extract workstep sheet\35Ah LFP\LFP_C_35_B_46_SOC_5-80_Part_1-1_ID_46号.xlsx,5,80,5-80,1-1,keep_SOC_5-80_Part_1-1,0.8943057142857143,89.43057142857143,35,31.3007
35Ah LFP,35 Ah,LFP_C_35_B_47_SOC_5-80_Part_1-1_ID_47号.xlsx,E:\Datasets\PulseBat\PulseBat-all-raw\ProcessingData All\step_1_extract workstep sheet\35Ah LFP\LFP_C_35_B_47_SOC_5-80_Part_1-1_ID_47号.xlsx,5,80,5-80,1-1,keep_SOC_5-80_Part_1-1,0.8922485714285714,89.22485714285713,35,31.2287
35Ah LFP,35 Ah,LFP_C_35_B_48_SOC_5-80_Part_1-1_ID_48号.xlsx,E:\Datasets\PulseBat\PulseBat-all-raw\ProcessingData All\step_1_extract workstep sheet\35Ah LFP\LFP_C_35_B_48_SOC_5-80_Part_1-1_ID_48号.xlsx,5,80,5-80,1-1,keep_SOC_5-80_Part_1-1,0.8798314285714286,87.98314285714287,35,30.7941
35Ah LFP,35 Ah,LFP_C_35_B_49_SOC_5-80_Part_1-1_ID_49号.xlsx,E:\Datasets\PulseBat\PulseBat-all-raw\ProcessingData All\step_1_extract workstep sheet\35Ah LFP\LFP_C_35_B_49_SOC_5-80_Part_1-1_ID_49号.xlsx,5,80,5-80,1-1,keep_SOC_5-80_Part_1-1,0.8873885714285714,88.73885714285714,35,31.0586
35Ah LFP,35 Ah,LFP_C_35_B_4_SOC_5-70_Part_1-1_ID_4号.xlsx,E:\Datasets\PulseBat\PulseBat-all-raw\ProcessingData All\step_1_extract workstep sheet\35Ah LFP\LFP_C_35_B_4_SOC_5-70_Part_1-1_ID_4号.xlsx,5,70,5-70,1-1,keep_SOC_5-70_Part_1-1,0.7739171428571429,77.39171428571429,35,27.0871
35Ah LFP,35 Ah,LFP_C_35_B_50_SOC_5-80_Part_1-1_ID_50号.xlsx,E:\Datasets\PulseBat\PulseBat-all-raw\ProcessingData All\step_1_extract workstep sheet\35Ah LFP\LFP_C_35_B_50_SOC_5-80_Part_1-1_ID_50号.xlsx,5,80,5-80,1-1,keep_SOC_5-80_Part_1-1,0.8691085714285715,86.91085714285714,35,30.4188
35Ah LFP,35 Ah,LFP_C_35_B_51_SOC_5-80_Part_1-1_ID_51号.xlsx,E:\Datasets\PulseBat\PulseBat-all-raw\ProcessingData All\step_1_extract workstep sheet\35Ah LFP\LFP_C_35_B_51_SOC_5-80_Part_1-1_ID_51号.xlsx,5,80,5-80,1-1,keep_SOC_5-80_Part_1-1,0.8708857142857144,87.08857142857144,35,30.481
35Ah LFP,35 Ah,LFP_C_35_B_52_SOC_5-80_Part_1-1_ID_52号.xlsx,E:\Datasets\PulseBat\PulseBat-all-raw\ProcessingData All\step_1_extract workstep sheet\35Ah LFP\LFP_C_35_B_52_SOC_5-80_Part_1-1_ID_52号.xlsx,5,80,5-80,1-1,keep_SOC_5-80_Part_1-1,0.9147485714285714,91.47485714285713,35,32.0162
35Ah LFP,35 Ah,LFP_C_35_B_53_SOC_5-85_Part_1-1_ID_53号.xlsx,E:\Datasets\PulseBat\PulseBat-all-raw\ProcessingData All\step_1_extract workstep sheet\35Ah LFP\LFP_C_35_B_53_SOC_5-85_Part_1-1_ID_53号.xlsx,5,85,5-85,1-1,keep_SOC_5-85_Part_1-1,0.922802857142857,92.2802857142857,35,32.2981
35Ah LFP,35 Ah,LFP_C_35_B_54_SOC_5-85_Part_1-1_ID_54号.xlsx,E:\Datasets\PulseBat\PulseBat-all-raw\ProcessingData All\step_1_extract workstep sheet\35Ah LFP\LFP_C_35_B_54_SOC_5-85_Part_1-1_ID_54号.xlsx,5,85,5-85,1-1,keep_SOC_5-85_Part_1-1,0.9623314285714286,96.23314285714287,35,33.6816
35Ah LFP,35 Ah,LFP_C_35_B_55_SOC_5-85_Part_1-1_ID_55号.xlsx,E:\Datasets\PulseBat\PulseBat-all-raw\ProcessingData All\step_1_extract workstep sheet\35Ah LFP\LFP_C_35_B_55_SOC_5-85_Part_1-1_ID_55号.xlsx,5,85,5-85,1-1,keep_SOC_5-85_Part_1-1,0.9208057142857143,92.08057142857143,35,32.2282
35Ah LFP,35 Ah,LFP_C_35_B_56_SOC_5-90_Part_1-2_ID_56号.xlsx,E:\Datasets\PulseBat\PulseBat-all-raw\ProcessingData All\step_1_extract workstep sheet\35Ah LFP\LFP_C_35_B_56_SOC_5-90_Part_1-2_ID_56号.xlsx,5,90,5-90,1-2,keep_SOC_5-90_Part_1-2,0.9578857142857143,95.78857142857143,35,33.526
35Ah LFP,35 Ah,LFP_C_35_B_5_SOC_5-70_Part_1-1_ID_5号.xlsx,E:\Datasets\PulseBat\PulseBat-all-raw\ProcessingData All\step_1_extract workstep sheet\35Ah LFP\LFP_C_35_B_5_SOC_5-70_Part_1-1_ID_5号.xlsx,5,70,5-70,1-1,keep_SOC_5-70_Part_1-1,0.7998028571428571,79.98028571428571,35,27.9931
35Ah LFP,35 Ah,LFP_C_35_B_6_SOC_5-70_Part_1-1_ID_6号.xlsx,E:\Datasets\PulseBat\PulseBat-all-raw\ProcessingData All\step_1_extract workstep sheet\35Ah LFP\LFP_C_35_B_6_SOC_5-70_Part_1-1_ID_6号.xlsx,5,70,5-70,1-1,keep_SOC_5-70_Part_1-1,0.8089914285714285,80.89914285714285,35,28.3147
35Ah LFP,35 Ah,LFP_C_35_B_7_SOC_5-70_Part_1-1_ID_7号.xlsx,E:\Datasets\PulseBat\PulseBat-all-raw\ProcessingData All\step_1_extract workstep sheet\35Ah LFP\LFP_C_35_B_7_SOC_5-70_Part_1-1_ID_7号.xlsx,5,70,5-70,1-1,keep_SOC_5-70_Part_1-1,0.8004,80.04,35,28.014
35Ah LFP,35 Ah,LFP_C_35_B_8_SOC_5-70_Part_1-1_ID_8号.xlsx,E:\Datasets\PulseBat\PulseBat-all-raw\ProcessingData All\step_1_extract workstep sheet\35Ah LFP\LFP_C_35_B_8_SOC_5-70_Part_1-1_ID_8号.xlsx,5,70,5-70,1-1,keep_SOC_5-70_Part_1-1,0.7848257142857143,78.48257142857143,35,27.4689
35Ah LFP,35 Ah,LFP_C_35_B_9_SOC_5-70_Part_1-1_ID_9号.xlsx,E:\Datasets\PulseBat\PulseBat-all-raw\ProcessingData All\step_1_extract workstep sheet\35Ah LFP\LFP_C_35_B_9_SOC_5-70_Part_1-1_ID_9号.xlsx,5,70,5-70,1-1,keep_SOC_5-70_Part_1-1,0.7780628571428571,77.8062857142857,35,27.2322
68Ah LFP,68 Ah,LFP_C_68_B_10_SOC_5-75_Part_1-1_ID_02HCB68111211Y88D0001154.xlsx,E:\Datasets\PulseBat\PulseBat-all-raw\ProcessingData All\step_1_extract workstep sheet\68Ah LFP\LFP_C_68_B_10_SOC_5-75_Part_1-1_ID_02HCB68111211Y88D0001154.xlsx,5,75,5-75,1-1,keep_SOC_5-75_Part_1-1,0.8486632352941177,84.86632352941177,68,57.7091
68Ah LFP,68 Ah,LFP_C_68_B_11_SOC_5-65_Part_1-1_ID_02HCB68111211Y86M0006337.xlsx,E:\Datasets\PulseBat\PulseBat-all-raw\ProcessingData All\step_1_extract workstep sheet\68Ah LFP\LFP_C_68_B_11_SOC_5-65_Part_1-1_ID_02HCB68111211Y86M0006337.xlsx,5,65,5-65,1-1,keep_SOC_5-65_Part_1-1,0.7336926470588235,73.36926470588236,68,49.8911
68Ah LFP,68 Ah,LFP_C_68_B_12_SOC_5-65_Part_1-1_ID_02HCB68111211Y86T0002171.xlsx,E:\Datasets\PulseBat\PulseBat-all-raw\ProcessingData All\step_1_extract workstep sheet\68Ah LFP\LFP_C_68_B_12_SOC_5-65_Part_1-1_ID_02HCB68111211Y86T0002171.xlsx,5,65,5-65,1-1,keep_SOC_5-65_Part_1-1,0.7100794117647059,71.0079411764706,68,48.2854
68Ah LFP,68 Ah,LFP_C_68_B_13_SOC_5-75_Part_1-1_ID_02HCB68111211Y87Y0002979.xlsx,E:\Datasets\PulseBat\PulseBat-all-raw\ProcessingData All\step_1_extract workstep sheet\68Ah LFP\LFP_C_68_B_13_SOC_5-75_Part_1-1_ID_02HCB68111211Y87Y0002979.xlsx,5,75,5-75,1-1,keep_SOC_5-75_Part_1-1,0.8467470588235294,84.67470588235294,68,57.5788
68Ah LFP,68 Ah,LFP_C_68_B_14_SOC_5-75_Part_1-1_ID_02HCB68111211Y88E0004620.xlsx,E:\Datasets\PulseBat\PulseBat-all-raw\ProcessingData All\step_1_extract workstep sheet\68Ah LFP\LFP_C_68_B_14_SOC_5-75_Part_1-1_ID_02HCB68111211Y88E0004620.xlsx,5,75,5-75,1-1,keep_SOC_5-75_Part_1-1,0.8436882352941177,84.36882352941177,68,57.3708
68Ah LFP,68 Ah,LFP_C_68_B_15_SOC_5-75_Part_1-1_ID_02HCB68111211Y87Y0009119.xlsx,E:\Datasets\PulseBat\PulseBat-all-raw\ProcessingData All\step_1_extract workstep sheet\68Ah LFP\LFP_C_68_B_15_SOC_5-75_Part_1-1_ID_02HCB68111211Y87Y0009119.xlsx,5,75,5-75,1-1,keep_SOC_5-75_Part_1-1,0.8420808823529411,84.20808823529411,68,57.2615
68Ah LFP,68 Ah,LFP_C_68_B_16_SOC_5-75_Part_1-1_ID_02HCB68111211Y87Y0013185.xlsx,E:\Datasets\PulseBat\PulseBat-all-raw\ProcessingData All\step_1_extract workstep sheet\68Ah LFP\LFP_C_68_B_16_SOC_5-75_Part_1-1_ID_02HCB68111211Y87Y0013185.xlsx,5,75,5-75,1-1,keep_SOC_5-75_Part_1-1,0.8447191176470588,84.47191176470588,68,57.4409
68Ah LFP,68 Ah,LFP_C_68_B_17_SOC_5-75_Part_1-1_ID_02HCB68111211Y87Y0008381.xlsx,E:\Datasets\PulseBat\PulseBat-all-raw\ProcessingData All\step_1_extract workstep sheet\68Ah LFP\LFP_C_68_B_17_SOC_5-75_Part_1-1_ID_02HCB68111211Y87Y0008381.xlsx,5,75,5-75,1-1,keep_SOC_5-75_Part_1-1,0.8263294117647059,82.63294117647058,68,56.1904
68Ah LFP,68 Ah,LFP_C_68_B_18_SOC_5-75_Part_1-1_ID_02HCB68111211Y87Y0003956.xlsx,E:\Datasets\PulseBat\PulseBat-all-raw\ProcessingData All\step_1_extract workstep sheet\68Ah LFP\LFP_C_68_B_18_SOC_5-75_Part_1-1_ID_02HCB68111211Y87Y0003956.xlsx,5,75,5-75,1-1,keep_SOC_5-75_Part_1-1,0.8475764705882353,84.75764705882352,68,57.6352
68Ah LFP,68 Ah,LFP_C_68_B_19_SOC_5-75_Part_1-1_ID_02HCB68111211Y87Y0008126.xlsx,E:\Datasets\PulseBat\PulseBat-all-raw\ProcessingData All\step_1_extract workstep sheet\68Ah LFP\LFP_C_68_B_19_SOC_5-75_Part_1-1_ID_02HCB68111211Y87Y0008126.xlsx,5,75,5-75,1-1,keep_SOC_5-75_Part_1-1,0.8305264705882353,83.05264705882352,68,56.4758
68Ah LFP,68 Ah,LFP_C_68_B_1_SOC_5-75_Part_1-1_ID_02HCB68111211Y88E0004385.xlsx,E:\Datasets\PulseBat\PulseBat-all-raw\ProcessingData All\step_1_extract workstep sheet\68Ah LFP\LFP_C_68_B_1_SOC_5-75_Part_1-1_ID_02HCB68111211Y88E0004385.xlsx,5,75,5-75,1-1,keep_SOC_5-75_Part_1-1,0.8361323529411765,83.61323529411764,68,56.857
68Ah LFP,68 Ah,LFP_C_68_B_20_SOC_5-75_Part_1-1_ID_02HCB68111211Y87Y0012226.xlsx,E:\Datasets\PulseBat\PulseBat-all-raw\ProcessingData All\step_1_extract workstep sheet\68Ah LFP\LFP_C_68_B_20_SOC_5-75_Part_1-1_ID_02HCB68111211Y87Y0012226.xlsx,5,75,5-75,1-1,keep_SOC_5-75_Part_1-1,0.8112264705882354,81.12264705882353,68,55.1634
68Ah LFP,68 Ah,LFP_C_68_B_21_SOC_5-75_Part_1-1_ID_02HCB68111211Y88D0000337.xlsx,E:\Datasets\PulseBat\PulseBat-all-raw\ProcessingData All\step_1_extract workstep sheet\68Ah LFP\LFP_C_68_B_21_SOC_5-75_Part_1-1_ID_02HCB68111211Y88D0000337.xlsx,5,75,5-75,1-1,keep_SOC_5-75_Part_1-1,0.8561661764705882,85.61661764705882,68,58.2193
68Ah LFP,68 Ah,LFP_C_68_B_22_SOC_5-75_Part_1-1_ID_02HCB68111211Y87Y0015279.xlsx,E:\Datasets\PulseBat\PulseBat-all-raw\ProcessingData All\step_1_extract workstep sheet\68Ah LFP\LFP_C_68_B_22_SOC_5-75_Part_1-1_ID_02HCB68111211Y87Y0015279.xlsx,5,75,5-75,1-1,keep_SOC_5-75_Part_1-1,0.821075,82.1075,68,55.8331
68Ah LFP,68 Ah,LFP_C_68_B_23_SOC_5-75_Part_1-1_ID_02HCB68111211Y87Y0008358.xlsx,E:\Datasets\PulseBat\PulseBat-all-raw\ProcessingData All\step_1_extract workstep sheet\68Ah LFP\LFP_C_68_B_23_SOC_5-75_Part_1-1_ID_02HCB68111211Y87Y0008358.xlsx,5,75,5-75,1-1,keep_SOC_5-75_Part_1-1,0.8579985294117647,85.79985294117647,68,58.3439
68Ah LFP,68 Ah,LFP_C_68_B_24_SOC_5-75_Part_1-1_ID_02HCB68111211Y88E0003284.xlsx,E:\Datasets\PulseBat\PulseBat-all-raw\ProcessingData All\step_1_extract workstep sheet\68Ah LFP\LFP_C_68_B_24_SOC_5-75_Part_1-1_ID_02HCB68111211Y88E0003284.xlsx,5,75,5-75,1-1,keep_SOC_5-75_Part_1-1,0.8279117647058823,82.79117647058824,68,56.298
68Ah LFP,68 Ah,LFP_C_68_B_25_SOC_5-55_Part_1-1_ID_02HCB68111211Y88D0003997.xlsx,E:\Datasets\PulseBat\PulseBat-all-raw\ProcessingData All\step_1_extract workstep sheet\68Ah LFP\LFP_C_68_B_25_SOC_5-55_Part_1-1_ID_02HCB68111211Y88D0003997.xlsx,5,55,5-55,1-1,keep_SOC_5-55_Part_1-1,0.6589970588235294,65.89970588235295,68,44.8118
68Ah LFP,68 Ah,LFP_C_68_B_26_SOC_5-75_Part_1-1_ID_02HCB68111211Y87Y0011345.xlsx,E:\Datasets\PulseBat\PulseBat-all-raw\ProcessingData All\step_1_extract workstep sheet\68Ah LFP\LFP_C_68_B_26_SOC_5-75_Part_1-1_ID_02HCB68111211Y87Y0011345.xlsx,5,75,5-75,1-1,keep_SOC_5-75_Part_1-1,0.8304911764705882,83.04911764705882,68,56.4734
68Ah LFP,68 Ah,LFP_C_68_B_27_SOC_5-75_Part_1-1_ID_02HCB68111211Y87Y0004694.xlsx,E:\Datasets\PulseBat\PulseBat-all-raw\ProcessingData All\step_1_extract workstep sheet\68Ah LFP\LFP_C_68_B_27_SOC_5-75_Part_1-1_ID_02HCB68111211Y87Y0004694.xlsx,5,75,5-75,1-1,keep_SOC_5-75_Part_1-1,0.8428676470588234,84.28676470588235,68,57.315
68Ah LFP,68 Ah,LFP_C_68_B_28_SOC_5-70_Part_1-1_ID_02HCB68111211Y87Y0015653.xlsx,E:\Datasets\PulseBat\PulseBat-all-raw\ProcessingData All\step_1_extract workstep sheet\68Ah LFP\LFP_C_68_B_28_SOC_5-70_Part_1-1_ID_02HCB68111211Y87Y0015653.xlsx,5,70,5-70,1-1,keep_SOC_5-70_Part_1-1,0.787035294117647,78.7035294117647,68,53.5184
68Ah LFP,68 Ah,LFP_C_68_B_29_SOC_5-75_Part_1-1_ID_02HCB68111211Y87Y0005043.xlsx,E:\Datasets\PulseBat\PulseBat-all-raw\ProcessingData All\step_1_extract workstep sheet\68Ah LFP\LFP_C_68_B_29_SOC_5-75_Part_1-1_ID_02HCB68111211Y87Y0005043.xlsx,5,75,5-75,1-1,keep_SOC_5-75_Part_1-1,0.827885294117647,82.7885294117647,68,56.2962
68Ah LFP,68 Ah,LFP_C_68_B_2_SOC_5-75_Part_1-1_ID_02HCB68111211Y88D0000212.xlsx,E:\Datasets\PulseBat\PulseBat-all-raw\ProcessingData All\step_1_extract workstep sheet\68Ah LFP\LFP_C_68_B_2_SOC_5-75_Part_1-1_ID_02HCB68111211Y88D0000212.xlsx,5,75,5-75,1-1,keep_SOC_5-75_Part_1-1,0.8585794117647059,85.85794117647059,68,58.3834
68Ah LFP,68 Ah,LFP_C_68_B_30_SOC_5-65_Part_1-1_ID_02HCB68111211Y86L0000199.xlsx,E:\Datasets\PulseBat\PulseBat-all-raw\ProcessingData All\step_1_extract workstep sheet\68Ah LFP\LFP_C_68_B_30_SOC_5-65_Part_1-1_ID_02HCB68111211Y86L0000199.xlsx,5,65,5-65,1-1,keep_SOC_5-65_Part_1-1,0.7092514705882353,70.92514705882354,68,48.2291
68Ah LFP,68 Ah,LFP_C_68_B_31_SOC_5-65_Part_1-1_ID_02HCB68111211Y86N0001764.xlsx,E:\Datasets\PulseBat\PulseBat-all-raw\ProcessingData All\step_1_extract workstep sheet\68Ah LFP\LFP_C_68_B_31_SOC_5-65_Part_1-1_ID_02HCB68111211Y86N0001764.xlsx,5,65,5-65,1-1,keep_SOC_5-65_Part_1-1,0.7377867647058823,73.77867647058824,68,50.1695
68Ah LFP,68 Ah,LFP_C_68_B_32_SOC_5-65_Part_1-1_ID_02HCB68111211Y86P0008123.xlsx,E:\Datasets\PulseBat\PulseBat-all-raw\ProcessingData All\step_1_extract workstep sheet\68Ah LFP\LFP_C_68_B_32_SOC_5-65_Part_1-1_ID_02HCB68111211Y86P0008123.xlsx,5,65,5-65,1-1,keep_SOC_5-65_Part_1-1,0.723389705882353,72.3389705882353,68,49.1905
68Ah LFP,68 Ah,LFP_C_68_B_33_SOC_5-70_Part_1-1_ID_02HCB68111211Y86L0002535.xlsx,E:\Datasets\PulseBat\PulseBat-all-raw\ProcessingData All\step_1_extract workstep sheet\68Ah LFP\LFP_C_68_B_33_SOC_5-70_Part_1-1_ID_02HCB68111211Y86L0002535.xlsx,5,70,5-70,1-1,keep_SOC_5-70_Part_1-1,0.7559117647058824,75.59117647058824,68,51.402
68Ah LFP,68 Ah,LFP_C_68_B_34_SOC_5-70_Part_1-1_ID_02HCB68111211Y87Y0014641.xlsx,E:\Datasets\PulseBat\PulseBat-all-raw\ProcessingData All\step_1_extract workstep sheet\68Ah LFP\LFP_C_68_B_34_SOC_5-70_Part_1-1_ID_02HCB68111211Y87Y0014641.xlsx,5,70,5-70,1-1,keep_SOC_5-70_Part_1-1,0.7921161764705883,79.21161764705883,68,53.8639
68Ah LFP,68 Ah,LFP_C_68_B_35_SOC_5-75_Part_1-1_ID_02HCB68111211Y87Y0003554.xlsx,E:\Datasets\PulseBat\PulseBat-all-raw\ProcessingData All\step_1_extract workstep sheet\68Ah LFP\LFP_C_68_B_35_SOC_5-75_Part_1-1_ID_02HCB68111211Y87Y0003554.xlsx,5,75,5-75,1-1,keep_SOC_5-75_Part_1-1,0.8509441176470588,85.09441176470588,68,57.8642
68Ah LFP,68 Ah,LFP_C_68_B_36_SOC_5-70_Part_1-1_ID_02HCB68111211Y86X0004792.xlsx,E:\Datasets\PulseBat\PulseBat-all-raw\ProcessingData All\step_1_extract workstep sheet\68Ah LFP\LFP_C_68_B_36_SOC_5-70_Part_1-1_ID_02HCB68111211Y86X0004792.xlsx,5,70,5-70,1-1,keep_SOC_5-70_Part_1-1,0.7753970588235294,77.53970588235293,68,52.727
68Ah LFP,68 Ah,LFP_C_68_B_37_SOC_5-75_Part_1-1_ID_02HCB68111211Y87Y0015365.xlsx,E:\Datasets\PulseBat\PulseBat-all-raw\ProcessingData All\step_1_extract workstep sheet\68Ah LFP\LFP_C_68_B_37_SOC_5-75_Part_1-1_ID_02HCB68111211Y87Y0015365.xlsx,5,75,5-75,1-1,keep_SOC_5-75_Part_1-1,0.8291720588235294,82.91720588235295,68,56.3837
68Ah LFP,68 Ah,LFP_C_68_B_38_SOC_5-60_Part_1-1_ID_02HCB68111211Y86S0005042.xlsx,E:\Datasets\PulseBat\PulseBat-all-raw\ProcessingData All\step_1_extract workstep sheet\68Ah LFP\LFP_C_68_B_38_SOC_5-60_Part_1-1_ID_02HCB68111211Y86S0005042.xlsx,5,60,5-60,1-1,keep_SOC_5-60_Part_1-1,0.6756205882352941,67.56205882352941,68,45.9422
68Ah LFP,68 Ah,LFP_C_68_B_39_SOC_5-75_Part_1-1_ID_02HCB68111211Y88D0003294.xlsx,E:\Datasets\PulseBat\PulseBat-all-raw\ProcessingData All\step_1_extract workstep sheet\68Ah LFP\LFP_C_68_B_39_SOC_5-75_Part_1-1_ID_02HCB68111211Y88D0003294.xlsx,5,75,5-75,1-1,keep_SOC_5-75_Part_1-1,0.8409485294117647,84.09485294117647,68,57.1845
68Ah LFP,68 Ah,LFP_C_68_B_3_SOC_5-75_Part_1-1_ID_02HCB68111211Y88D0002515.xlsx,E:\Datasets\PulseBat\PulseBat-all-raw\ProcessingData All\step_1_extract workstep sheet\68Ah LFP\LFP_C_68_B_3_SOC_5-75_Part_1-1_ID_02HCB68111211Y88D0002515.xlsx,5,75,5-75,1-1,keep_SOC_5-75_Part_1-1,0.8494147058823529,84.94147058823529,68,57.7602
68Ah LFP,68 Ah,LFP_C_68_B_40_SOC_5-75_Part_1-1_ID_02HCB68111211Y88G0002069.xlsx,E:\Datasets\PulseBat\PulseBat-all-raw\ProcessingData All\step_1_extract workstep sheet\68Ah LFP\LFP_C_68_B_40_SOC_5-75_Part_1-1_ID_02HCB68111211Y88G0002069.xlsx,5,75,5-75,1-1,keep_SOC_5-75_Part_1-1,0.8560955882352941,85.60955882352941,68,58.2145
68Ah LFP,68 Ah,LFP_C_68_B_41_SOC_5-70_Part_1-1_ID_02HCB68111211Y88E0004399.xlsx,E:\Datasets\PulseBat\PulseBat-all-raw\ProcessingData All\step_1_extract workstep sheet\68Ah LFP\LFP_C_68_B_41_SOC_5-70_Part_1-1_ID_02HCB68111211Y88E0004399.xlsx,5,70,5-70,1-1,keep_SOC_5-70_Part_1-1,0.7864411764705883,78.64411764705883,68,53.478
68Ah LFP,68 Ah,LFP_C_68_B_42_SOC_5-75_Part_1-1_ID_02HCB68111211Y87Y0006443.xlsx,E:\Datasets\PulseBat\PulseBat-all-raw\ProcessingData All\step_1_extract workstep sheet\68Ah LFP\LFP_C_68_B_42_SOC_5-75_Part_1-1_ID_02HCB68111211Y87Y0006443.xlsx,5,75,5-75,1-1,keep_SOC_5-75_Part_1-1,0.856660294117647,85.6660294117647,68,58.2529
68Ah LFP,68 Ah,LFP_C_68_B_43_SOC_5-75_Part_1-1_ID_02HCB68111211Y88E0004340.xlsx,E:\Datasets\PulseBat\PulseBat-all-raw\ProcessingData All\step_1_extract workstep sheet\68Ah LFP\LFP_C_68_B_43_SOC_5-75_Part_1-1_ID_02HCB68111211Y88E0004340.xlsx,5,75,5-75,1-1,keep_SOC_5-75_Part_1-1,0.8404294117647059,84.04294117647059,68,57.1492
68Ah LFP,68 Ah,LFP_C_68_B_44_SOC_5-75_Part_1-1_ID_02HCB68111211Y87Y0013553.xlsx,E:\Datasets\PulseBat\PulseBat-all-raw\ProcessingData All\step_1_extract workstep sheet\68Ah LFP\LFP_C_68_B_44_SOC_5-75_Part_1-1_ID_02HCB68111211Y87Y0013553.xlsx,5,75,5-75,1-1,keep_SOC_5-75_Part_1-1,0.8122691176470588,81.22691176470587,68,55.2343
68Ah LFP,68 Ah,LFP_C_68_B_45_SOC_5-75_Part_1-1_ID_02HCB68111211Y88E0003117.xlsx,E:\Datasets\PulseBat\PulseBat-all-raw\ProcessingData All\step_1_extract workstep sheet\68Ah LFP\LFP_C_68_B_45_SOC_5-75_Part_1-1_ID_02HCB68111211Y88E0003117.xlsx,5,75,5-75,1-1,keep_SOC_5-75_Part_1-1,0.8364161764705882,83.64161764705882,68,56.8763
68Ah LFP,68 Ah,LFP_C_68_B_46_SOC_5-75_Part_1-1_ID_02HCB68111211Y88E0004343.xlsx,E:\Datasets\PulseBat\PulseBat-all-raw\ProcessingData All\step_1_extract workstep sheet\68Ah LFP\LFP_C_68_B_46_SOC_5-75_Part_1-1_ID_02HCB68111211Y88E0004343.xlsx,5,75,5-75,1-1,keep_SOC_5-75_Part_1-1,0.8319852941176471,83.19852941176471,68,56.575
68Ah LFP,68 Ah,LFP_C_68_B_47_SOC_5-75_Part_1-1_ID_02HCB68111211Y88E0004422.xlsx,E:\Datasets\PulseBat\PulseBat-all-raw\ProcessingData All\step_1_extract workstep sheet\68Ah LFP\LFP_C_68_B_47_SOC_5-75_Part_1-1_ID_02HCB68111211Y88E0004422.xlsx,5,75,5-75,1-1,keep_SOC_5-75_Part_1-1,0.843060294117647,84.30602941176471,68,57.3281
68Ah LFP,68 Ah,LFP_C_68_B_48_SOC_5-75_Part_1-1_ID_02HCB68111211Y87Y0000998.xlsx,E:\Datasets\PulseBat\PulseBat-all-raw\ProcessingData All\step_1_extract workstep sheet\68Ah LFP\LFP_C_68_B_48_SOC_5-75_Part_1-1_ID_02HCB68111211Y87Y0000998.xlsx,5,75,5-75,1-1,keep_SOC_5-75_Part_1-1,0.8222029411764705,82.22029411764706,68,55.9098
68Ah LFP,68 Ah,LFP_C_68_B_49_SOC_5-65_Part_1-1_ID_02HCB68111211Y86R0006266.xlsx,E:\Datasets\PulseBat\PulseBat-all-raw\ProcessingData All\step_1_extract workstep sheet\68Ah LFP\LFP_C_68_B_49_SOC_5-65_Part_1-1_ID_02HCB68111211Y86R0006266.xlsx,5,65,5-65,1-1,keep_SOC_5-65_Part_1-1,0.6927102941176471,69.2710294117647,68,47.1043
68Ah LFP,68 Ah,LFP_C_68_B_4_SOC_5-75_Part_1-1_ID_02HCB68111211Y88E0004591.xlsx,E:\Datasets\PulseBat\PulseBat-all-raw\ProcessingData All\step_1_extract workstep sheet\68Ah LFP\LFP_C_68_B_4_SOC_5-75_Part_1-1_ID_02HCB68111211Y88E0004591.xlsx,5,75,5-75,1-1,keep_SOC_5-75_Part_1-1,0.8402176470588235,84.02176470588235,68,57.1348
68Ah LFP,68 Ah,LFP_C_68_B_50_SOC_5-75_Part_1-1_ID_02HCB68111211Y88D0003027.xlsx,E:\Datasets\PulseBat\PulseBat-all-raw\ProcessingData All\step_1_extract workstep sheet\68Ah LFP\LFP_C_68_B_50_SOC_5-75_Part_1-1_ID_02HCB68111211Y88D0003027.xlsx,5,75,5-75,1-1,keep_SOC_5-75_Part_1-1,0.8601441176470589,86.01441176470588,68,58.4898
68Ah LFP,68 Ah,LFP_C_68_B_51_SOC_5-75_Part_1-1_ID_02HCB68111211Y87Y0004181.xlsx,E:\Datasets\PulseBat\PulseBat-all-raw\ProcessingData All\step_1_extract workstep sheet\68Ah LFP\LFP_C_68_B_51_SOC_5-75_Part_1-1_ID_02HCB68111211Y87Y0004181.xlsx,5,75,5-75,1-1,keep_SOC_5-75_Part_1-1,0.8563573529411765,85.63573529411765,68,58.2323
68Ah LFP,68 Ah,LFP_C_68_B_52_SOC_5-75_Part_1-1_ID_02HCB68111211Y87Y0013903.xlsx,E:\Datasets\PulseBat\PulseBat-all-raw\ProcessingData All\step_1_extract workstep sheet\68Ah LFP\LFP_C_68_B_52_SOC_5-75_Part_1-1_ID_02HCB68111211Y87Y0013903.xlsx,5,75,5-75,1-1,keep_SOC_5-75_Part_1-1,0.8210647058823529,82.1064705882353,68,55.8324
68Ah LFP,68 Ah,LFP_C_68_B_53_SOC_5-75_Part_1-1_ID_02HCB68111211Y87Y0009622.xlsx,E:\Datasets\PulseBat\PulseBat-all-raw\ProcessingData All\step_1_extract workstep sheet\68Ah LFP\LFP_C_68_B_53_SOC_5-75_Part_1-1_ID_02HCB68111211Y87Y0009622.xlsx,5,75,5-75,1-1,keep_SOC_5-75_Part_1-1,0.8470382352941176,84.70382352941176,68,57.5986
68Ah LFP,68 Ah,LFP_C_68_B_54_SOC_5-75_Part_1-1_ID_02HCB68111211Y87Y0014023.xlsx,E:\Datasets\PulseBat\PulseBat-all-raw\ProcessingData All\step_1_extract workstep sheet\68Ah LFP\LFP_C_68_B_54_SOC_5-75_Part_1-1_ID_02HCB68111211Y87Y0014023.xlsx,5,75,5-75,1-1,keep_SOC_5-75_Part_1-1,0.8502661764705882,85.02661764705883,68,57.8181
68Ah LFP,68 Ah,LFP_C_68_B_55_SOC_5-75_Part_1-1_ID_02HCB68111211Y88E0004542.xlsx,E:\Datasets\PulseBat\PulseBat-all-raw\ProcessingData All\step_1_extract workstep sheet\68Ah LFP\LFP_C_68_B_55_SOC_5-75_Part_1-1_ID_02HCB68111211Y88E0004542.xlsx,5,75,5-75,1-1,keep_SOC_5-75_Part_1-1,0.8371941176470589,83.71941176470588,68,56.9292
68Ah LFP,68 Ah,LFP_C_68_B_56_SOC_5-75_Part_1-1_ID_02HCB68111211Y87Y0012947.xlsx,E:\Datasets\PulseBat\PulseBat-all-raw\ProcessingData All\step_1_extract workstep sheet\68Ah LFP\LFP_C_68_B_56_SOC_5-75_Part_1-1_ID_02HCB68111211Y87Y0012947.xlsx,5,75,5-75,1-1,keep_SOC_5-75_Part_1-1,0.8186529411764706,81.86529411764705,68,55.6684
68Ah LFP,68 Ah,LFP_C_68_B_57_SOC_5-75_Part_1-1_ID_02HCB68111211Y87Y0006448.xlsx,E:\Datasets\PulseBat\PulseBat-all-raw\ProcessingData All\step_1_extract workstep sheet\68Ah LFP\LFP_C_68_B_57_SOC_5-75_Part_1-1_ID_02HCB68111211Y87Y0006448.xlsx,5,75,5-75,1-1,keep_SOC_5-75_Part_1-1,0.8286044117647059,82.86044117647059,68,56.3451
68Ah LFP,68 Ah,LFP_C_68_B_58_SOC_5-75_Part_1-1_ID_02HCB68111211Y8700004996.xlsx,E:\Datasets\PulseBat\PulseBat-all-raw\ProcessingData All\step_1_extract workstep sheet\68Ah LFP\LFP_C_68_B_58_SOC_5-75_Part_1-1_ID_02HCB68111211Y8700004996.xlsx,5,75,5-75,1-1,keep_SOC_5-75_Part_1-1,0.845614705882353,84.5614705882353,68,57.5018
68Ah LFP,68 Ah,LFP_C_68_B_59_SOC_5-70_Part_1-1_ID_02HCB68111211Y88E0004475.xlsx,E:\Datasets\PulseBat\PulseBat-all-raw\ProcessingData All\step_1_extract workstep sheet\68Ah LFP\LFP_C_68_B_59_SOC_5-70_Part_1-1_ID_02HCB68111211Y88E0004475.xlsx,5,70,5-70,1-1,keep_SOC_5-70_Part_1-1,0.813479411764706,81.3479411764706,68,55.3166
68Ah LFP,68 Ah,LFP_C_68_B_5_SOC_5-75_Part_1-1_ID_02HCB68111211Y87Y0003936.xlsx,E:\Datasets\PulseBat\PulseBat-all-raw\ProcessingData All\step_1_extract workstep sheet\68Ah LFP\LFP_C_68_B_5_SOC_5-75_Part_1-1_ID_02HCB68111211Y87Y0003936.xlsx,5,75,5-75,1-1,keep_SOC_5-75_Part_1-1,0.8418558823529412,84.18558823529412,68,57.2462
68Ah LFP,68 Ah,LFP_C_68_B_60_SOC_5-75_Part_1-1_ID_02HCB68111211Y87Y0013703.xlsx,E:\Datasets\PulseBat\PulseBat-all-raw\ProcessingData All\step_1_extract workstep sheet\68Ah LFP\LFP_C_68_B_60_SOC_5-75_Part_1-1_ID_02HCB68111211Y87Y0013703.xlsx,5,75,5-75,1-1,keep_SOC_5-75_Part_1-1,0.8305867647058823,83.05867647058824,68,56.4799
68Ah LFP,68 Ah,LFP_C_68_B_61_SOC_5-75_Part_1-1_ID_02HCB68111211Y88D0005602.xlsx,E:\Datasets\PulseBat\PulseBat-all-raw\ProcessingData All\step_1_extract workstep sheet\68Ah LFP\LFP_C_68_B_61_SOC_5-75_Part_1-1_ID_02HCB68111211Y88D0005602.xlsx,5,75,5-75,1-1,keep_SOC_5-75_Part_1-1,0.8502470588235295,85.02470588235295,68,57.8168
68Ah LFP,68 Ah,LFP_C_68_B_62_SOC_5-75_Part_1-1_ID_02HCB68111211Y88E0004523.xlsx,E:\Datasets\PulseBat\PulseBat-all-raw\ProcessingData All\step_1_extract workstep sheet\68Ah LFP\LFP_C_68_B_62_SOC_5-75_Part_1-1_ID_02HCB68111211Y88E0004523.xlsx,5,75,5-75,1-1,keep_SOC_5-75_Part_1-1,0.8407470588235294,84.07470588235294,68,57.1708
68Ah LFP,68 Ah,LFP_C_68_B_63_SOC_5-60_Part_1-1_ID_02HCB68111211Y86L0007156.xlsx,E:\Datasets\PulseBat\PulseBat-all-raw\ProcessingData All\step_1_extract workstep sheet\68Ah LFP\LFP_C_68_B_63_SOC_5-60_Part_1-1_ID_02HCB68111211Y86L0007156.xlsx,5,60,5-60,1-1,keep_SOC_5-60_Part_1-1,0.7065220588235295,70.65220588235294,68,48.0435
68Ah LFP,68 Ah,LFP_C_68_B_64_SOC_5-65_Part_1-1_ID_02HCB68111211Y86R0007638.xlsx,E:\Datasets\PulseBat\PulseBat-all-raw\ProcessingData All\step_1_extract workstep sheet\68Ah LFP\LFP_C_68_B_64_SOC_5-65_Part_1-1_ID_02HCB68111211Y86R0007638.xlsx,5,65,5-65,1-1,keep_SOC_5-65_Part_1-1,0.7038838235294118,70.38838235294118,68,47.8641
68Ah LFP,68 Ah,LFP_C_68_B_65_SOC_5-60_Part_1-1_ID_02HCB68111211Y86T0003818.xlsx,E:\Datasets\PulseBat\PulseBat-all-raw\ProcessingData All\step_1_extract workstep sheet\68Ah LFP\LFP_C_68_B_65_SOC_5-60_Part_1-1_ID_02HCB68111211Y86T0003818.xlsx,5,60,5-60,1-1,keep_SOC_5-60_Part_1-1,0.676385294117647,67.63852941176471,68,45.9942
68Ah LFP,68 Ah,LFP_C_68_B_66_SOC_5-65_Part_1-1_ID_02HCB68111211Y86V0003442.xlsx,E:\Datasets\PulseBat\PulseBat-all-raw\ProcessingData All\step_1_extract workstep sheet\68Ah LFP\LFP_C_68_B_66_SOC_5-65_Part_1-1_ID_02HCB68111211Y86V0003442.xlsx,5,65,5-65,1-1,keep_SOC_5-65_Part_1-1,0.6936911764705882,69.36911764705881,68,47.171
68Ah LFP,68 Ah,LFP_C_68_B_67_SOC_5-60_Part_1-1_ID_02HCB68111211Y86S0005264.xlsx,E:\Datasets\PulseBat\PulseBat-all-raw\ProcessingData All\step_1_extract workstep sheet\68Ah LFP\LFP_C_68_B_67_SOC_5-60_Part_1-1_ID_02HCB68111211Y86S0005264.xlsx,5,60,5-60,1-1,keep_SOC_5-60_Part_1-1,0.6855514705882353,68.55514705882354,68,46.6175
68Ah LFP,68 Ah,LFP_C_68_B_68_SOC_5-65_Part_1-1_ID_02HCB68111211Y86T0004231.xlsx,E:\Datasets\PulseBat\PulseBat-all-raw\ProcessingData All\step_1_extract workstep sheet\68Ah LFP\LFP_C_68_B_68_SOC_5-65_Part_1-1_ID_02HCB68111211Y86T0004231.xlsx,5,65,5-65,1-1,keep_SOC_5-65_Part_1-1,0.705775,70.5775,68,47.9927
68Ah LFP,68 Ah,LFP_C_68_B_69_SOC_5-60_Part_1-1_ID_02HCB68111211Y8700006626.xlsx,E:\Datasets\PulseBat\PulseBat-all-raw\ProcessingData All\step_1_extract workstep sheet\68Ah LFP\LFP_C_68_B_69_SOC_5-60_Part_1-1_ID_02HCB68111211Y8700006626.xlsx,5,60,5-60,1-1,keep_SOC_5-60_Part_1-1,0.6622470588235294,66.22470588235294,68,45.0328
68Ah LFP,68 Ah,LFP_C_68_B_6_SOC_5-80_Part_1-1_ID_02HCB68111211Y88F0000101.xlsx,E:\Datasets\PulseBat\PulseBat-all-raw\ProcessingData All\step_1_extract workstep sheet\68Ah LFP\LFP_C_68_B_6_SOC_5-80_Part_1-1_ID_02HCB68111211Y88F0000101.xlsx,5,80,5-80,1-1,keep_SOC_5-80_Part_1-1,0.8728838235294117,87.28838235294117,68,59.3561
68Ah LFP,68 Ah,LFP_C_68_B_70_SOC_5-60_Part_1-1_ID_02HCB68111211Y86P0002902.xlsx,E:\Datasets\PulseBat\PulseBat-all-raw\ProcessingData All\step_1_extract workstep sheet\68Ah LFP\LFP_C_68_B_70_SOC_5-60_Part_1-1_ID_02HCB68111211Y86P0002902.xlsx,5,60,5-60,1-1,keep_SOC_5-60_Part_1-1,0.6882455882352941,68.82455882352942,68,46.8007
68Ah LFP,68 Ah,LFP_C_68_B_71_SOC_5-65_Part_1-1_ID_02HCB68111211Y86M0005816.xlsx,E:\Datasets\PulseBat\PulseBat-all-raw\ProcessingData All\step_1_extract workstep sheet\68Ah LFP\LFP_C_68_B_71_SOC_5-65_Part_1-1_ID_02HCB68111211Y86M0005816.xlsx,5,65,5-65,1-1,keep_SOC_5-65_Part_1-1,0.7342455882352941,73.42455882352941,68,49.9287
68Ah LFP,68 Ah,LFP_C_68_B_72_SOC_5-65_Part_1-1_ID_02HCB68111211Y86R0002629.xlsx,E:\Datasets\PulseBat\PulseBat-all-raw\ProcessingData All\step_1_extract workstep sheet\68Ah LFP\LFP_C_68_B_72_SOC_5-65_Part_1-1_ID_02HCB68111211Y86R0002629.xlsx,5,65,5-65,1-1,keep_SOC_5-65_Part_1-1,0.7381617647058824,73.81617647058823,68,50.195
68Ah LFP,68 Ah,LFP_C_68_B_73_SOC_5-65_Part_1-1_ID_02HCB68111211Y86L0003632.xlsx,E:\Datasets\PulseBat\PulseBat-all-raw\ProcessingData All\step_1_extract workstep sheet\68Ah LFP\LFP_C_68_B_73_SOC_5-65_Part_1-1_ID_02HCB68111211Y86L0003632.xlsx,5,65,5-65,1-1,keep_SOC_5-65_Part_1-1,0.7294117647058824,72.94117647058825,68,49.6
68Ah LFP,68 Ah,LFP_C_68_B_74_SOC_5-65_Part_1-1_ID_02HCB68111211Y86X0009373.xlsx,E:\Datasets\PulseBat\PulseBat-all-raw\ProcessingData All\step_1_extract workstep sheet\68Ah LFP\LFP_C_68_B_74_SOC_5-65_Part_1-1_ID_02HCB68111211Y86X0009373.xlsx,5,65,5-65,1-1,keep_SOC_5-65_Part_1-1,0.7231323529411765,72.31323529411765,68,49.173
68Ah LFP,68 Ah,LFP_C_68_B_75_SOC_5-70_Part_1-1_ID_02HCB68111211Y86H0002822.xlsx,E:\Datasets\PulseBat\PulseBat-all-raw\ProcessingData All\step_1_extract workstep sheet\68Ah LFP\LFP_C_68_B_75_SOC_5-70_Part_1-1_ID_02HCB68111211Y86H0002822.xlsx,5,70,5-70,1-1,keep_SOC_5-70_Part_1-1,0.7707191176470589,77.07191176470589,68,52.4089
68Ah LFP,68 Ah,LFP_C_68_B_76_SOC_5-75_Part_1-1_ID_02HCB68111211Y88E0004411.xlsx,E:\Datasets\PulseBat\PulseBat-all-raw\ProcessingData All\step_1_extract workstep sheet\68Ah LFP\LFP_C_68_B_76_SOC_5-75_Part_1-1_ID_02HCB68111211Y88E0004411.xlsx,5,75,5-75,1-1,keep_SOC_5-75_Part_1-1,0.8313029411764705,83.13029411764705,68,56.5286
68Ah LFP,68 Ah,LFP_C_68_B_77_SOC_5-75_Part_1-1_ID_02HCB68111211Y87Y0004508.xlsx,E:\Datasets\PulseBat\PulseBat-all-raw\ProcessingData All\step_1_extract workstep sheet\68Ah LFP\LFP_C_68_B_77_SOC_5-75_Part_1-1_ID_02HCB68111211Y87Y0004508.xlsx,5,75,5-75,1-1,keep_SOC_5-75_Part_1-1,0.8529117647058824,85.29117647058824,68,57.998
68Ah LFP,68 Ah,LFP_C_68_B_78_SOC_5-65_Part_1-1_ID_02HCB68111211Y87E0006974.xlsx,E:\Datasets\PulseBat\PulseBat-all-raw\ProcessingData All\step_1_extract workstep sheet\68Ah LFP\LFP_C_68_B_78_SOC_5-65_Part_1-1_ID_02HCB68111211Y87E0006974.xlsx,5,65,5-65,1-1,keep_SOC_5-65_Part_1-1,0.7210529411764706,72.10529411764706,68,49.0316
68Ah LFP,68 Ah,LFP_C_68_B_79_SOC_5-75_Part_1-1_ID_02HCB68111211Y87Y0011718.xlsx,E:\Datasets\PulseBat\PulseBat-all-raw\ProcessingData All\step_1_extract workstep sheet\68Ah LFP\LFP_C_68_B_79_SOC_5-75_Part_1-1_ID_02HCB68111211Y87Y0011718.xlsx,5,75,5-75,1-1,keep_SOC_5-75_Part_1-1,0.8263308823529412,82.63308823529411,68,56.1905
68Ah LFP,68 Ah,LFP_C_68_B_7_SOC_5-75_Part_1-1_ID_02HCB68111211Y88E0004437.xlsx,E:\Datasets\PulseBat\PulseBat-all-raw\ProcessingData All\step_1_extract workstep sheet\68Ah LFP\LFP_C_68_B_7_SOC_5-75_Part_1-1_ID_02HCB68111211Y88E0004437.xlsx,5,75,5-75,1-1,keep_SOC_5-75_Part_1-1,0.8405779411764707,84.05779411764706,68,57.1593
68Ah LFP,68 Ah,LFP_C_68_B_80_SOC_5-65_Part_1-1_ID_02HCB68111211Y86P0008027.xlsx,E:\Datasets\PulseBat\PulseBat-all-raw\ProcessingData All\step_1_extract workstep sheet\68Ah LFP\LFP_C_68_B_80_SOC_5-65_Part_1-1_ID_02HCB68111211Y86P0008027.xlsx,5,65,5-65,1-1,keep_SOC_5-65_Part_1-1,0.7142455882352942,71.42455882352941,68,48.5687
68Ah LFP,68 Ah,LFP_C_68_B_81_SOC_5-70_Part_1-1_ID_02HCB68111211Y8700003532.xlsx,E:\Datasets\PulseBat\PulseBat-all-raw\ProcessingData All\step_1_extract workstep sheet\68Ah LFP\LFP_C_68_B_81_SOC_5-70_Part_1-1_ID_02HCB68111211Y8700003532.xlsx,5,70,5-70,1-1,keep_SOC_5-70_Part_1-1,0.7955514705882353,79.55514705882352,68,54.0975
68Ah LFP,68 Ah,LFP_C_68_B_82_SOC_5-65_Part_1-1_ID_02HCB68111211Y86M0004689.xlsx,E:\Datasets\PulseBat\PulseBat-all-raw\ProcessingData All\step_1_extract workstep sheet\68Ah LFP\LFP_C_68_B_82_SOC_5-65_Part_1-1_ID_02HCB68111211Y86M0004689.xlsx,5,65,5-65,1-1,keep_SOC_5-65_Part_1-1,0.7208558823529412,72.08558823529413,68,49.0182
68Ah LFP,68 Ah,LFP_C_68_B_83_SOC_5-75_Part_1-1_ID_02HCB68111211Y87Y0012422.xlsx,E:\Datasets\PulseBat\PulseBat-all-raw\ProcessingData All\step_1_extract workstep sheet\68Ah LFP\LFP_C_68_B_83_SOC_5-75_Part_1-1_ID_02HCB68111211Y87Y0012422.xlsx,5,75,5-75,1-1,keep_SOC_5-75_Part_1-1,0.8129088235294117,81.29088235294117,68,55.2778
68Ah LFP,68 Ah,LFP_C_68_B_84_SOC_5-70_Part_1-1_ID_02HCB68111211Y86L0003593.xlsx,E:\Datasets\PulseBat\PulseBat-all-raw\ProcessingData All\step_1_extract workstep sheet\68Ah LFP\LFP_C_68_B_84_SOC_5-70_Part_1-1_ID_02HCB68111211Y86L0003593.xlsx,5,70,5-70,1-1,keep_SOC_5-70_Part_1-1,0.7633029411764706,76.33029411764706,68,51.9046
68Ah LFP,68 Ah,LFP_C_68_B_85_SOC_5-65_Part_1-1_ID_02HCB68111211Y86M0004883.xlsx,E:\Datasets\PulseBat\PulseBat-all-raw\ProcessingData All\step_1_extract workstep sheet\68Ah LFP\LFP_C_68_B_85_SOC_5-65_Part_1-1_ID_02HCB68111211Y86M0004883.xlsx,5,65,5-65,1-1,keep_SOC_5-65_Part_1-1,0.7309691176470589,73.09691176470588,68,49.7059
68Ah LFP,68 Ah,LFP_C_68_B_86_SOC_5-70_Part_1-1_ID_02HCB68111211Y86H0009376.xlsx,E:\Datasets\PulseBat\PulseBat-all-raw\ProcessingData All\step_1_extract workstep sheet\68Ah LFP\LFP_C_68_B_86_SOC_5-70_Part_1-1_ID_02HCB68111211Y86H0009376.xlsx,5,70,5-70,1-1,keep_SOC_5-70_Part_1-1,0.7856073529411765,78.56073529411765,68,53.4213
68Ah LFP,68 Ah,LFP_C_68_B_87_SOC_5-70_Part_1-1_ID_02HCB68111211Y86N0002747.xlsx,E:\Datasets\PulseBat\PulseBat-all-raw\ProcessingData All\step_1_extract workstep sheet\68Ah LFP\LFP_C_68_B_87_SOC_5-70_Part_1-1_ID_02HCB68111211Y86N0002747.xlsx,5,70,5-70,1-1,keep_SOC_5-70_Part_1-1,0.7551058823529412,75.51058823529412,68,51.3472
68Ah LFP,68 Ah,LFP_C_68_B_88_SOC_5-65_Part_1-1_ID_02HCB68111211Y86P0007131.xlsx,E:\Datasets\PulseBat\PulseBat-all-raw\ProcessingData All\step_1_extract workstep sheet\68Ah LFP\LFP_C_68_B_88_SOC_5-65_Part_1-1_ID_02HCB68111211Y86P0007131.xlsx,5,65,5-65,1-1,keep_SOC_5-65_Part_1-1,0.7404117647058823,74.04117647058823,68,50.348
68Ah LFP,68 Ah,LFP_C_68_B_89_SOC_5-70_Part_1-1_ID_02HCB68111211Y86M0002366.xlsx,E:\Datasets\PulseBat\PulseBat-all-raw\ProcessingData All\step_1_extract workstep sheet\68Ah LFP\LFP_C_68_B_89_SOC_5-70_Part_1-1_ID_02HCB68111211Y86M0002366.xlsx,5,70,5-70,1-1,keep_SOC_5-70_Part_1-1,0.7657735294117647,76.57735294117647,68,52.0726
68Ah LFP,68 Ah,LFP_C_68_B_8_SOC_5-75_Part_1-1_ID_02HCB68111211Y87Y0001875.xlsx,E:\Datasets\PulseBat\PulseBat-all-raw\ProcessingData All\step_1_extract workstep sheet\68Ah LFP\LFP_C_68_B_8_SOC_5-75_Part_1-1_ID_02HCB68111211Y87Y0001875.xlsx,5,75,5-75,1-1,keep_SOC_5-75_Part_1-1,0.8585220588235294,85.85220588235293,68,58.3795
68Ah LFP,68 Ah,LFP_C_68_B_90_SOC_5-65_Part_1-1_ID_02HCB68111211Y86S0000666.xlsx,E:\Datasets\PulseBat\PulseBat-all-raw\ProcessingData All\step_1_extract workstep sheet\68Ah LFP\LFP_C_68_B_90_SOC_5-65_Part_1-1_ID_02HCB68111211Y86S0000666.xlsx,5,65,5-65,1-1,keep_SOC_5-65_Part_1-1,0.746439705882353,74.64397058823529,68,50.7579
68Ah LFP,68 Ah,LFP_C_68_B_91_SOC_5-65_Part_1-1_ID_02HCB68111211Y86L0005694.xlsx,E:\Datasets\PulseBat\PulseBat-all-raw\ProcessingData All\step_1_extract workstep sheet\68Ah LFP\LFP_C_68_B_91_SOC_5-65_Part_1-1_ID_02HCB68111211Y86L0005694.xlsx,5,65,5-65,1-1,keep_SOC_5-65_Part_1-1,0.6961367647058824,69.61367647058823,68,47.3373
68Ah LFP,68 Ah,LFP_C_68_B_92_SOC_5-75_Part_1-1_ID_02HCB68111211Y88E0004333.xlsx,E:\Datasets\PulseBat\PulseBat-all-raw\ProcessingData All\step_1_extract workstep sheet\68Ah LFP\LFP_C_68_B_92_SOC_5-75_Part_1-1_ID_02HCB68111211Y88E0004333.xlsx,5,75,5-75,1-1,keep_SOC_5-75_Part_1-1,0.8303014705882353,83.03014705882353,68,56.4605
68Ah LFP,68 Ah,LFP_C_68_B_93_SOC_5-65_Part_1-1_ID_02HCB68111211Y86P0006552.xlsx,E:\Datasets\PulseBat\PulseBat-all-raw\ProcessingData All\step_1_extract workstep sheet\68Ah LFP\LFP_C_68_B_93_SOC_5-65_Part_1-1_ID_02HCB68111211Y86P0006552.xlsx,5,65,5-65,1-1,keep_SOC_5-65_Part_1-1,0.7244132352941177,72.44132352941178,68,49.2601
68Ah LFP,68 Ah,LFP_C_68_B_94_SOC_5-75_Part_1-1_ID_02HCB68111211Y87Y0008148.xlsx,E:\Datasets\PulseBat\PulseBat-all-raw\ProcessingData All\step_1_extract workstep sheet\68Ah LFP\LFP_C_68_B_94_SOC_5-75_Part_1-1_ID_02HCB68111211Y87Y0008148.xlsx,5,75,5-75,1-1,keep_SOC_5-75_Part_1-1,0.8149132352941176,81.49132352941176,68,55.4141
68Ah LFP,68 Ah,LFP_C_68_B_95_SOC_5-75_Part_1-1_ID_02HCB68111211Y87Y0012977.xlsx,E:\Datasets\PulseBat\PulseBat-all-raw\ProcessingData All\step_1_extract workstep sheet\68Ah LFP\LFP_C_68_B_95_SOC_5-75_Part_1-1_ID_02HCB68111211Y87Y0012977.xlsx,5,75,5-75,1-1,keep_SOC_5-75_Part_1-1,0.8300235294117647,83.00235294117647,68,56.4416
68Ah LFP,68 Ah,LFP_C_68_B_96_SOC_5-75_Part_1-1_ID_02HCB68111211Y87Y0007299.xlsx,E:\Datasets\PulseBat\PulseBat-all-raw\ProcessingData All\step_1_extract workstep sheet\68Ah LFP\LFP_C_68_B_96_SOC_5-75_Part_1-1_ID_02HCB68111211Y87Y0007299.xlsx,5,75,5-75,1-1,keep_SOC_5-75_Part_1-1,0.8431911764705883,84.31911764705883,68,57.337
68Ah LFP,68 Ah,LFP_C_68_B_9_SOC_5-75_Part_1-1_ID_02HCB68111211Y8700000791.xlsx,E:\Datasets\PulseBat\PulseBat-all-raw\ProcessingData All\step_1_extract workstep sheet\68Ah LFP\LFP_C_68_B_9_SOC_5-75_Part_1-1_ID_02HCB68111211Y8700000791.xlsx,5,75,5-75,1-1,keep_SOC_5-75_Part_1-1,0.823635294117647,82.3635294117647,68,56.0072
